{
  "config": {
    "acks": -1,
    "batch_size_bytes": 65536,
    "compression": "snappy",
    "consumer_goroutines": 4,
    "duration_s": 20,
    "linger_ms": 5,
    "msg_size_bytes": 512,
    "partitions": 12,
    "producer_goroutines": 8,
    "target_rate_msg_per_sec": 10000
  },
  "results": {
    "avg_rate_msg_per_sec": 7649.289775141588,
    "errors": 0,
    "latency_ms": {
      "max": 52.321,
      "mean": 3.7514401966972777,
      "min": 0.294,
      "p50": 3.599,
      "p90": 5.887,
      "p95": 6.341,
      "p99": 9.809,
      "p999": 28.069,
      "stddev": 2.3559526912579907
    },
    "latency_sample_count": 196444,
    "messages_received": 0,
    "messages_sent": 196444,
    "throughput_mb_per_sec": 3.7350047730183533,
    "total_data_mb": 95.919921875
  },
  "timeline": []
}