{
  "config": {
    "acks": 1,
    "batch_bytes": 65536,
    "brokers": [
      "localhost:9092"
    ],
    "compression": "zstd",
    "consumer_delay": "0s",
    "consumer_jitter": "0s",
    "consumers": 4,
    "duration_s": 15,
    "group": "bench-group-v4",
    "initial_offset": "oldest",
    "linger_ms": 5,
    "message_size": 512,
    "partitions": 12,
    "payload_mode": "mixed",
    "phase_delay": "0s",
    "phase_duration": "0s",
    "producers": 8,
    "target_rate": 8000,
    "topic": "bench-topic-v4",
    "warmup_s": 2
  },
  "final": {
    "elapsed_s": 15.005012084,
    "messages_sent": 119468,
    "messages_received": 119498,
    "errors": 0,
    "bytes_sent": 61167616,
    "bytes_received": 61182976,
    "avg_rate_msg_per_sec": 7961.87296159461,
    "avg_recv_rate_msg_per_sec": 7963.872293539966,
    "throughput_mb_per_sec": 3.8876332820286184,
    "ack_latency_ms": {
      "Min": 0.26,
      "Max": 40.592,
      "Mean": 3.4449930692737802,
      "StdDev": 2.0820209068200257,
      "Variance": 4.334811056435682,
      "P50": 3.43,
      "P75": 4.674,
      "P90": 5.541,
      "P95": 5.835,
      "P99": 8.221,
      "P995": 10.598,
      "P999": 22.118,
      "P9999": 38.176,
      "MAD": 1.326,
      "Count": 119468,
      "CDFBuckets": [
        0,
        0,
        0,
        5620,
        5692,
        19587,
        62160,
        25719,
        547,
        143,
        0,
        0,
        0,
        0,
        0,
        0,
        0,
        0,
        0,
        0,
        0,
        0,
        0
      ]
    },
    "e2e_latency_ms": {
      "Min": 0.356,
      "Max": 142.622,
      "Mean": 4.288851060268791,
      "StdDev": 6.575099015800114,
      "Variance": 43.231927067575626,
      "P50": 3.697,
      "P75": 5.215,
      "P90": 5.938,
      "P95": 6.688,
      "P99": 17.267,
      "P995": 47.421,
      "P999": 106.491,
      "P9999": 139.511,
      "MAD": 1.441,
      "Count": 119498,
      "CDFBuckets": [
        0,
        0,
        0,
        655,
        7922,
        17864,
        60786,
        30175,
        1023,
        499,
        400,
        174,
        0,
        0,
        0,
        0,
        0,
        0,
        0,
        0,
        0,
        0,
        0
      ]
    }
  },
  "timeline": [
    {
      "elapsed_s": 15.000061542,
      "inst_rate": 7964.5006565800395,
      "recv_rate": 7966.500648374474,
      "throughput_mb": 3.8889163362207224,
      "ack_p50_ms": 3.43,
      "ack_p99_ms": 8.221,
      "e2e_p50_ms": 3.697,
      "e2e_p99_ms": 17.267,
      "errors": 0
    }
  ],
  "lag_timeline": [
    {
      "elapsed_s": 2.00001075,
      "total_lag": 16,
      "max_partition_lag": 4,
      "committed_offset_sum": 15813,
      "end_offset_sum": 15829,
      "per_partition_lag": {
        "0": 0,
        "1": 0,
        "10": 1,
        "11": 1,
        "2": 3,
        "3": 1,
        "4": 4,
        "5": 3,
        "6": 1,
        "7": 0,
        "8": 1,
        "9": 1
      }
    },
    {
      "elapsed_s": 4.000041292,
      "total_lag": 7806,
      "max_partition_lag": 708,
      "committed_offset_sum": 23849,
      "end_offset_sum": 31655,
      "per_partition_lag": {
        "0": 621,
        "1": 664,
        "10": 660,
        "11": 708,
        "2": 644,
        "3": 632,
        "4": 623,
        "5": 689,
        "6": 681,
        "7": 639,
        "8": 618,
        "9": 627
      }
    },
    {
      "elapsed_s": 6.000026833,
      "total_lag": 7803,
      "max_partition_lag": 677,
      "committed_offset_sum": 39827,
      "end_offset_sum": 47630,
      "per_partition_lag": {
        "0": 626,
        "1": 649,
        "10": 641,
        "11": 661,
        "2": 633,
        "3": 651,
        "4": 662,
        "5": 674,
        "6": 669,
        "7": 646,
        "8": 614,
        "9": 677
      }
    },
    {
      "elapsed_s": 8.00001075,
      "total_lag": 7810,
      "max_partition_lag": 687,
      "committed_offset_sum": 55806,
      "end_offset_sum": 63616,
      "per_partition_lag": {
        "0": 650,
        "1": 682,
        "10": 613,
        "11": 635,
        "2": 678,
        "3": 687,
        "4": 642,
        "5": 620,
        "6": 657,
        "7": 627,
        "8": 660,
        "9": 659
      }
    },
    {
      "elapsed_s": 10.000011083,
      "total_lag": 7821,
      "max_partition_lag": 683,
      "committed_offset_sum": 71775,
      "end_offset_sum": 79596,
      "per_partition_lag": {
        "0": 683,
        "1": 626,
        "10": 629,
        "11": 666,
        "2": 615,
        "3": 649,
        "4": 654,
        "5": 653,
        "6": 646,
        "7": 661,
        "8": 664,
        "9": 675
      }
    },
    {
      "elapsed_s": 12.000011041,
      "total_lag": 7648,
      "max_partition_lag": 660,
      "committed_offset_sum": 87720,
      "end_offset_sum": 95368,
      "per_partition_lag": {
        "0": 605,
        "1": 638,
        "10": 648,
        "11": 629,
        "2": 660,
        "3": 655,
        "4": 633,
        "5": 653,
        "6": 658,
        "7": 647,
        "8": 609,
        "9": 613
      }
    },
    {
      "elapsed_s": 14.000012083,
      "total_lag": 7810,
      "max_partition_lag": 690,
      "committed_offset_sum": 103529,
      "end_offset_sum": 111339,
      "per_partition_lag": {
        "0": 653,
        "1": 649,
        "10": 677,
        "11": 658,
        "2": 604,
        "3": 630,
        "4": 621,
        "5": 678,
        "6": 690,
        "7": 685,
        "8": 617,
        "9": 648
      }
    },
    {
      "elapsed_s": 16.0000125,
      "total_lag": 7817,
      "max_partition_lag": 679,
      "committed_offset_sum": 119497,
      "end_offset_sum": 127314,
      "per_partition_lag": {
        "0": 637,
        "1": 658,
        "10": 647,
        "11": 656,
        "2": 659,
        "3": 654,
        "4": 627,
        "5": 671,
        "6": 648,
        "7": 678,
        "8": 603,
        "9": 679
      }
    }
  ],
  "lag_summary": {
    "max_total_lag": 7821,
    "final_total_lag": 7817,
    "recovery_drain_rate_msg_per_sec": 0.6666665092222595,
    "time_to_drain_s": 6.000001417,
    "sample_count": 8
  },
  "sysperf_timeline": [
    {
      "elapsed_s": 2.000000917,
      "goroutines": 282,
      "heap_alloc_mb": 38.961021423339844,
      "heap_inuse_mb": 41.3359375,
      "stack_inuse_mb": 1.71875,
      "sys_mb": 82.3342514038086,
      "num_gc": 82,
      "gc_pause_total_ms": 6.282839,
      "gc_pause_last_ms": 0.032126,
      "cpu_fraction_pct": 99.72970847392865,
      "gomaxprocs": 8
    },
    {
      "elapsed_s": 4.000000584,
      "goroutines": 446,
      "heap_alloc_mb": 60.01013946533203,
      "heap_inuse_mb": 62.53125,
      "stack_inuse_mb": 2.125,
      "sys_mb": 90.3342514038086,
      "num_gc": 153,
      "gc_pause_total_ms": 10.696209,
      "gc_pause_last_ms": 0.053917,
      "cpu_fraction_pct": 99.59315823226083,
      "gomaxprocs": 8
    },
    {
      "elapsed_s": 6.000002292,
      "goroutines": 446,
      "heap_alloc_mb": 40.11138916015625,
      "heap_inuse_mb": 43.3125,
      "stack_inuse_mb": 2.125,
      "sys_mb": 94.3342514038086,
      "num_gc": 226,
      "gc_pause_total_ms": 15.462997,
      "gc_pause_last_ms": 0.047,
      "cpu_fraction_pct": 101.01671998172112,
      "gomaxprocs": 8
    },
    {
      "elapsed_s": 8.000024125,
      "goroutines": 446,
      "heap_alloc_mb": 56.767967224121094,
      "heap_inuse_mb": 59.2265625,
      "stack_inuse_mb": 2.125,
      "sys_mb": 94.5842514038086,
      "num_gc": 294,
      "gc_pause_total_ms": 19.909214,
      "gc_pause_last_ms": 0.059459,
      "cpu_fraction_pct": 99.06672063814415,
      "gomaxprocs": 8
    },
    {
      "elapsed_s": 10.000015334,
      "goroutines": 446,
      "heap_alloc_mb": 50.40570068359375,
      "heap_inuse_mb": 52.9375,
      "stack_inuse_mb": 2.125,
      "sys_mb": 94.5842514038086,
      "num_gc": 363,
      "gc_pause_total_ms": 24.459303,
      "gc_pause_last_ms": 0.07575,