{
  "config": {
    "acks": 0,
    "batch_bytes": 65536,
    "brokers": [
      "localhost:9092"
    ],
    "compression": "snappy",
    "consumer_delay": "0s",
    "consumer_jitter": "0s",
    "consumers": 4,
    "duration_s": 20,
    "group": "bench-group-v4",
    "initial_offset": "oldest",
    "linger_ms": 5,
    "message_size": 512,
    "partitions": 12,
    "payload_mode": "mixed",
    "phase_delay": "0s",
    "phase_duration": "0s",
    "producers": 8,
    "target_rate": 10000,
    "topic": "bench-topic-v4",
    "warmup_s": 3
  },
  "final": {
    "elapsed_s": 20.004583125,
    "messages_sent": 188124,
    "messages_received": 188167,
    "errors": 0,
    "bytes_sent": 96319488,
    "bytes_received": 96341504,
    "avg_rate_msg_per_sec": 9404.04500431198,
    "avg_recv_rate_msg_per_sec": 9406.194511738919,
    "throughput_mb_per_sec": 4.591818849761709,
    "ack_latency_ms": {
      "Min": 0.046,
      "Max": 18.688,
      "Mean": 2.9054297059386363,
      "StdDev": 1.7832883996083984,
      "Variance": 3.1801175161778827,
      "P50": 2.768,
      "P75": 4.359,
      "P90": 5.15,
      "P95": 5.254,
      "P99": 7.045,
      "P995": 8.457,
      "P999": 11.548,
      "P9999": 15.821,
      "MAD": 1.571,
      "Count": 188124,
      "CDFBuckets": [
        3,
        202,
        3409,
        19272,
        5631,
        42467,
        85157,
        31535,
        448,
        0,
        0,
        0,
        0,
        0,
        0,
        0,
        0,
        0,
        0,
        0,
        0,
        0,
        0
      ]
    },
    "e2e_latency_ms": {
      "Min": 0.427,
      "Max": 139.797,
      "Mean": 4.535859204855262,
      "StdDev": 5.9742752016929535,
      "Variance": 35.69196418556338,
      "P50": 4.048,
      "P75": 5.595,
      "P90": 6.482,
      "P95": 7.452,
      "P99": 13.86,
      "P995": 38.132,
      "P999": 102.6,
      "P9999": 137.244,
      "MAD": 1.548,
      "Count": 188167,
      "CDFBuckets": [
        0,
        0,
        0,
        3,
        6055,
        26795,
        91115,
        60416,
        2356,
        705,
        504,
        218,
        0,
        0,
        0,
        0,
        0,
        0,
        0,
        0,
        0,
        0,
        0
      ]
    }
  },
  "timeline": [],
  "lag_timeline": [
    {
      "elapsed_s": 2.000002249,
      "total_lag": 8940,
      "max_partition_lag": 778,
      "committed_offset_sum": 9189,
      "end_offset_sum": 18129,
      "per_partition_lag": {
        "0": 720,
        "1": 721,
        "10": 767,
        "11": 743,
        "2": 770,
        "3": 709,
        "4": 732,
        "5": 769,
        "6": 778,
        "7": 742,
        "8": 733,
        "9": 756
      }
    },
    {
      "elapsed_s": 4.000001458,
      "total_lag": 9236,
      "max_partition_lag": 825,
      "committed_offset_sum": 27335,
      "end_offset_sum": 36571,
      "per_partition_lag": {
        "0": 793,
        "1": 825,
        "10": 781,
        "11": 747,
        "2": 776,
        "3": 740,
        "4": 770,
        "5": 735,
        "6": 748,
        "7": 768,
        "8": 787,
        "9": 766
      }
    },
    {
      "elapsed_s": 6.000021958,
      "total_lag": 9439,
      "max_partition_lag": 832,
      "committed_offset_sum": 45864,
      "end_offset_sum": 55303,
      "per_partition_lag": {
        "0": 776,
        "1": 714,
        "10": 810,
        "11": 819,
        "2": 796,
        "3": 775,
        "4": 768,
        "5": 767,
        "6": 753,
        "7": 832,
        "8": 825,
        "9": 804
      }
    },
    {
      "elapsed_s": 8.000003874,
      "total_lag": 9075,
      "max_partition_lag": 799,
      "committed_offset_sum": 65007,
      "end_offset_sum": 74082,
      "per_partition_lag": {
        "0": 731,
        "1": 741,
        "10": 757,
        "11": 735,
        "2": 775,
        "3": 719,
        "4": 799,
        "5": 764,
        "6": 793,
        "7": 719,
        "8": 770,
        "9": 772
      }
    },
    {
      "elapsed_s": 10.000018541,
      "total_lag": 8889,
      "max_partition_lag": 777,
      "committed_offset_sum": 83635,
      "end_offset_sum": 92524,
      "per_partition_lag": {
        "0": 757,
        "1": 679,
        "10": 738,
        "11": 760,
        "2": 721,
        "3": 755,
        "4": 746,
        "5": 720,
        "6": 777,
        "7": 722,
        "8": 777,
        "9": 737
      }
    },
    {
      "elapsed_s": 12.000003499,
      "total_lag": 9062,
      "max_partition_lag": 802,
      "committed_offset_sum": 101759,
      "end_offset_sum": 110821,
      "per_partition_lag": {
        "0": 760,
        "1": 760,
        "10": 744,
        "11": 721,
        "2": 749,
        "3": 773,
        "4": 763,
        "5": 773,
        "6": 750,
        "7": 802,
        "8": 728,
        "9": 739
      }
    },
    {
      "elapsed_s": 14.000014832,
      "total_lag": 9249,
      "max_partition_lag": 824,
      "committed_offset_sum": 120248,
      "end_offset_sum": 129497,
      "per_partition_lag": {
        "0": 729,
        "1": 779,
        "10": 728,
        "11": 769,
        "2": 824,
        "3": 807,
        "4": 769,
        "5": 774,
        "6": 758,
        "7": 767,
        "8": 769,
        "9": 776
      }
    },
    {
      "elapsed_s": 16.000016333,
      "total_lag": 8864,
      "max_partition_lag": 788,
      "committed_offset_sum": 138911,
      "end_offset_sum": 147775,
      "per_partition_lag": {
        "0": 735,
        "1": 722,
        "10": 771,
        "11": 788,
        "2": 739,
        "3": 740,
        "4": 729,
        "5": 743,
        "6": 726,
        "7": 721,
        "8": 738,
        "9": 712
      }
    },
    {
      "elapsed_s": 18.000001333,
      "total_lag": 9442,
      "max_partition_lag": 840,
      "committed_offset_sum": 157060,
      "end_offset_sum": 166502,
      "per_partition_lag": {
        "0": 788,
        "1": 767,
        "10": 827,
        "11": 792,
        "2": 840,
        "3": 725,
        "4": 797,
        "5": 812,
        "6": 815,
        "7": 756,
        "8": 774,
        "9": 749
      }
    },
    {
      "elapsed_s": 20.000026166,
      "total_lag": 9673,
      "max_partition_lag": 836,
      "committed_offset_sum": 176496,
      "end_offset_sum": 186169,
      "per_partition_lag": {
        "0": 757,
        "1": 831,
        "10": 777,
        "11": 820,
        "2": 810,
        "3": 776,
        "4": 825,
        "5": 825,
        "6": 801,
        "7": 813,
        "8": 836,
        "9": 802
      }
    },
    {
      "elapsed_s": 22.000001707,
      "total_lag": 9444,
      "max_partition_lag": 831,
      "committed_offset_sum": 196224,
      "end_offset_sum": 205668,
      "per_partition_lag": {
        "0": 745,
        "1": 779,
        "10": 791,
        "11": 786,
        "2": 787,
        "3": 787,
        "4": 761,
        "5": 788,
        "6": 831,
        "7": 764,
        "8": 796,
        "9": 829
      }
    }
  ],
  "lag_summary": {
    "max_total_lag": 9673,
    "final_total_lag": 9444,
    "recovery_drain_rate_msg_per_sec": 114.50140029487504,
    "time_to_drain_s": 1.9999755409999977,
    "sample_count": 11
  },
  "sysperf_timeline": [
    {
      "elapsed_s": 2.000030042,
      "goroutines": 291,
      "heap_alloc_mb": 41.83904266357422,
      "heap_inuse_mb": 45.609375,
      "stack_inuse_mb": 2.34375,
      "sys_mb": 75.0061264038086,
      "num_gc": 9,
      "gc_pause_total_ms": 0.628209,
      "gc_pause_last_ms": 0.080791,
      "cpu_fraction_pct": 85.15276672029107,
      "gomaxprocs": 8
    },
    {
      "elapsed_s": 4.000029959,
      "goroutines": 424,
      "heap_alloc_mb": 47.27356719970703,
      "heap_inuse_mb": 51.4765625,
      "stack_inuse_mb": 2.65625,
      "sys_mb": 79.33817291259766,
      "num_gc": 14,
      "gc_pause_total_ms": 1.149417,
      "gc_pause_last_ms": 0.066292,
      "cpu_fraction_pct": 99.82936249291856,