{
  "config": {
    "acks": 1,
    "batch_bytes": 65536,
    "brokers": [
      "localhost:9092"
    ],
    "compression": "gzip",
    "consumer_delay": "0s",
    "consumer_jitter": "0s",
    "consumers": 4,
    "duration_s": 20,
    "group": "bench-group-v4",
    "initial_offset": "oldest",
    "linger_ms": 5,
    "message_size": 512,
    "partitions": 12,
    "payload_mode": "mixed",
    "phase_delay": "0s",
    "phase_duration": "0s",
    "producers": 8,
    "target_rate": 10000,
    "topic": "bench-topic-v4",
    "warmup_s": 3
  },
  "final": {
    "elapsed_s": 20.005013834,
    "messages_sent": 196925,
    "messages_received": 196952,
    "errors": 0,
    "bytes_sent": 100825600,
    "bytes_received": 100839424,
    "avg_rate_msg_per_sec": 9843.782245494447,
    "avg_recv_rate_msg_per_sec": 9845.131907145473,
    "throughput_mb_per_sec": 4.8065342995578355,
    "ack_latency_ms": {
      "Min": 0.337,
      "Max": 38.949,
      "Mean": 3.632174492827218,
      "StdDev": 2.416008657745826,
      "Variance": 5.837097834302788,
      "P50": 3.414,
      "P75": 4.873,
      "P90": 5.72,
      "P95": 6.26,
      "P99": 12.221,
      "P995": 16.243,
      "P999": 27.106,
      "P9999": 34.641,
      "MAD": 1.426,
      "Count": 196925,
      "CDFBuckets": [
        0,
        0,
        0,
        370,
        18369,
        29517,
        103334,
        42355,
        2406,
        574,
        0,
        0,
        0,
        0,
        0,
        0,
        0,
        0,
        0,
        0,
        0,
        0,
        0
      ]
    },
    "e2e_latency_ms": {
      "Min": 0.497,
      "Max": 142.971,
      "Mean": 4.621716408058816,
      "StdDev": 6.12398034680479,
      "Variance": 37.50313528805131,
      "P50": 4.012,
      "P75": 5.551,
      "P90": 6.525,
      "P95": 7.835,
      "P99": 22.434,
      "P995": 39.122,
      "P999": 102.194,
      "P9999": 138.34,
      "MAD": 1.541,
      "Count": 196952,
      "CDFBuckets": [
        0,
        0,
        0,
        1,
        8812,
        26526,
        97397,
        58047,
        3840,
        1586,
        524,
        219,
        0,
        0,
        0,
        0,
        0,
        0,
        0,
        0,
        0,
        0,
        0
      ]
    }
  },
  "timeline": [],
  "lag_timeline": [
    {
      "elapsed_s": 2.000018792,
      "total_lag": 9799,
      "max_partition_lag": 855,
      "committed_offset_sum": 10059,
      "end_offset_sum": 19858,
      "per_partition_lag": {
        "0": 804,
        "1": 821,
        "10": 831,
        "11": 805,
        "2": 831,
        "3": 792,
        "4": 849,
        "5": 796,
        "6": 803,
        "7": 855,
        "8": 810,
        "9": 802
      }
    },
    {
      "elapsed_s": 4.000020167,
      "total_lag": 9668,
      "max_partition_lag": 861,
      "committed_offset_sum": 29840,
      "end_offset_sum": 39508,
      "per_partition_lag": {
        "0": 785,
        "1": 805,
        "10": 822,
        "11": 790,
        "2": 819,
        "3": 797,
        "4": 855,
        "5": 795,
        "6": 766,
        "7": 861,
        "8": 769,
        "9": 804
      }
    },
    {
      "elapsed_s": 6.000024917,
      "total_lag": 9561,
      "max_partition_lag": 875,
      "committed_offset_sum": 49641,
      "end_offset_sum": 59202,
      "per_partition_lag": {
        "0": 787,
        "1": 811,
        "10": 767,
        "11": 813,
        "2": 798,
        "3": 765,
        "4": 757,
        "5": 875,
        "6": 834,
        "7": 766,
        "8": 781,
        "9": 807
      }
    },
    {
      "elapsed_s": 8.000159292,
      "total_lag": 9776,
      "max_partition_lag": 850,
      "committed_offset_sum": 69324,
      "end_offset_sum": 79100,
      "per_partition_lag": {
        "0": 825,
        "1": 754,
        "10": 836,
        "11": 778,
        "2": 798,
        "3": 821,
        "4": 831,
        "5": 815,
        "6": 827,
        "7": 815,
        "8": 850,
        "9": 826
      }
    },
    {
      "elapsed_s": 10.000005084,
      "total_lag": 9330,
      "max_partition_lag": 836,
      "committed_offset_sum": 89037,
      "end_offset_sum": 98367,
      "per_partition_lag": {
        "0": 754,
        "1": 785,
        "10": 786,
        "11": 770,
        "2": 713,
        "3": 772,
        "4": 826,
        "5": 736,
        "6": 762,
        "7": 836,
        "8": 808,
        "9": 782
      }
    },
    {
      "elapsed_s": 12.000004875,
      "total_lag": 9786,
      "max_partition_lag": 858,
      "committed_offset_sum": 108342,
      "end_offset_sum": 118128,
      "per_partition_lag": {
        "0": 786,
        "1": 827,
        "10": 803,
        "11": 787,
        "2": 829,
        "3": 818,
        "4": 858,
        "5": 844,
        "6": 829,
        "7": 776,
        "8": 852,
        "9": 777
      }
    },
    {
      "elapsed_s": 14.000004917,
      "total_lag": 9780,
      "max_partition_lag": 875,
      "committed_offset_sum": 128347,
      "end_offset_sum": 138127,
      "per_partition_lag": {
        "0": 860,
        "1": 799,
        "10": 822,
        "11": 803,
        "2": 787,
        "3": 845,
        "4": 817,
        "5": 825,
        "6": 813,
        "7": 750,
        "8": 784,
        "9": 875
      }
    },
    {
      "elapsed_s": 16.000024042,
      "total_lag": 9683,
      "max_partition_lag": 851,
      "committed_offset_sum": 148343,
      "end_offset_sum": 158026,
      "per_partition_lag": {
        "0": 748,
        "1": 766,
        "10": 791,
        "11": 767,
        "2": 851,
        "3": 834,
        "4": 849,
        "5": 831,
        "6": 806,
        "7": 849,
        "8": 805,
        "9": 786
      }
    },
    {
      "elapsed_s": 18.0000065,
      "total_lag": 9587,
      "max_partition_lag": 855,
      "committed_offset_sum": 168051,
      "end_offset_sum": 177638,
      "per_partition_lag": {
        "0": 855,
        "1": 778,
        "10": 853,
        "11": 796,
        "2": 798,
        "3": 803,
        "4": 767,
        "5": 785,
        "6": 756,
        "7": 811,
        "8": 814,
        "9": 771
      }
    },
    {
      "elapsed_s": 20.000021709,
      "total_lag": 9707,
      "max_partition_lag": 894,
      "committed_offset_sum": 187798,
      "end_offset_sum": 197505,
      "per_partition_lag": {
        "0": 764,
        "1": 871,
        "10": 810,
        "11": 780,
        "2": 777,
        "3": 815,
        "4": 783,
        "5": 894,
        "6": 811,
        "7": 809,
        "8": 774,
        "9": 819
      }
    },
    {
      "elapsed_s": 22.000021625,
      "total_lag": 9438,
      "max_partition_lag": 840,
      "committed_offset_sum": 207461,
      "end_offset_sum": 216899,
      "per_partition_lag": {
        "0": 749,
        "1": 773,
        "10": 763,
        "11": 833,
        "2": 787,
        "3": 728,
        "4": 764,
        "5": 776,
        "6": 840,
        "7": 800,
        "8": 787,
        "9": 838
      }
    }
  ],
  "lag_summary": {
    "max_total_lag": 9799,
    "final_total_lag": 9438,
    "recovery_drain_rate_msg_per_sec": 18.049997443217862,
    "time_to_drain_s": 20.000002833,
    "sample_count": 11
  },
  "sysperf_timeline": [
    {
      "elapsed_s": 2.000008168,
      "goroutines": 291,
      "heap_alloc_mb": 41.004478454589844,
      "heap_inuse_mb": 43.9921875,
      "stack_inuse_mb": 1.6875,
      "sys_mb": 79.1467514038086,
      "num_gc": 9,
      "gc_pause_total_ms": 0.573167,
      "gc_pause_last_ms": 0.035501,
      "cpu_fraction_pct": 94.85812094943405,
      "gomaxprocs": 8
    },
    {
      "elapsed_s": 4.000007792,
      "goroutines": 446,
      "heap_alloc_mb": 59.829872131347656,
      "heap_inuse_mb": 63.78125,
      "stack_inuse_mb": 2.0625,
      "sys_mb": 83.1467514038086,
      "num_gc": 13,
      "gc_pause_total_ms": 0.839001,
      "gc_pause_last_ms": 0.104292,
      "cpu_fraction_pct": 85.00254928047924,
      "gomaxprocs": 8
    },
    {
      "elapsed_s": 6.000008251,