{
  "config": {
    "acks": 1,
    "batch_bytes": 65536,
    "brokers": [
      "localhost:9092"
    ],
    "compression": "zstd",
    "consumer_delay": "0s",
    "consumer_jitter": "0s",
    "consumers": 4,
    "duration_s": 15,
    "group": "bench-group-v4",
    "initial_offset": "oldest",
    "linger_ms": 5,
    "message_size": 512,
    "partitions": 12,
    "payload_mode": "text",
    "phase_delay": "0s",
    "phase_duration": "0s",
    "producers": 8,
    "target_rate": 8000,
    "topic": "bench-topic-v4",
    "warmup_s": 2
  },
  "final": {
    "elapsed_s": 15.006601542,
    "messages_sent": 119739,
    "messages_received": 119756,
    "errors": 0,
    "bytes_sent": 61306368,
    "bytes_received": 61315072,
    "avg_rate_msg_per_sec": 7979.088380862135,
    "avg_recv_rate_msg_per_sec": 7980.221215631715,
    "throughput_mb_per_sec": 3.8960392484678392,
    "ack_latency_ms": {
      "Min": 0.251,
      "Max": 74.58,
      "Mean": 3.7508758633360895,
      "StdDev": 3.8705708734071083,
      "Variance": 14.981318886067465,
      "P50": 3.47,
      "P75": 4.825,
      "P90": 5.628,
      "P95": 6.167,
      "P99": 12.081,
      "P995": 28.704,
      "P999": 59.796,
      "P9999": 68.381,
      "MAD": 1.386,
      "Count": 119739,
      "CDFBuckets": [
        0,
        0,
        0,
        4984,
        5800,
        19005,
        61715,
        26810,
        604,
        547,
        274,
        0,
        0,
        0,
        0,
        0,
        0,
        0,
        0,
        0,
        0,
        0,
        0
      ]
    },
    "e2e_latency_ms": {
      "Min": 0.354,
      "Max": 148.643,
      "Mean": 4.855169970606901,
      "StdDev": 8.844686638145454,
      "Variance": 78.22848172698873,
      "P50": 3.822,
      "P75": 5.475,
      "P90": 6.214,
      "P95": 7.351,
      "P99": 48.254,
      "P995": 84.573,
      "P999": 113.543,
      "P9999": 145.574,
      "MAD": 1.492,
      "Count": 119756,
      "CDFBuckets": [
        0,
        0,
        0,
        434,
        7142,
        16709,
        59648,
        33020,
        990,
        647,
        857,
        309,
        0,
        0,
        0,
        0,
        0,
        0,
        0,
        0,
        0,
        0,
        0
      ]
    }
  },
  "timeline": [],
  "lag_timeline": [
    {
      "elapsed_s": 2.000004,
      "total_lag": 22,
      "max_partition_lag": 5,
      "committed_offset_sum": 15590,
      "end_offset_sum": 15612,
      "per_partition_lag": {
        "0": 1,
        "1": 1,
        "10": 5,
        "11": 3,
        "2": 1,
        "3": 1,
        "4": 0,
        "5": 0,
        "6": 4,
        "7": 2,
        "8": 0,
        "9": 4
      }
    },
    {
      "elapsed_s": 4.000004626,
      "total_lag": 7775,
      "max_partition_lag": 689,
      "committed_offset_sum": 23665,
      "end_offset_sum": 31440,
      "per_partition_lag": {
        "0": 621,
        "1": 637,
        "10": 612,
        "11": 660,
        "2": 665,
        "3": 649,
        "4": 636,
        "5": 682,
        "6": 640,
        "7": 689,
        "8": 658,
        "9": 626
      }
    },
    {
      "elapsed_s": 6.000004209,
      "total_lag": 7777,
      "max_partition_lag": 680,
      "committed_offset_sum": 39644,
      "end_offset_sum": 47421,
      "per_partition_lag": {
        "0": 656,
        "1": 652,
        "10": 647,
        "11": 613,
        "2": 640,
        "3": 588,
        "4": 653,
        "5": 669,
        "6": 641,
        "7": 666,
        "8": 680,
        "9": 672
      }
    },
    {
      "elapsed_s": 8.000004292,
      "total_lag": 7773,
      "max_partition_lag": 685,
      "committed_offset_sum": 55637,
      "end_offset_sum": 63410,
      "per_partition_lag": {
        "0": 676,
        "1": 649,
        "10": 645,
        "11": 667,
        "2": 642,
        "3": 601,
        "4": 671,
        "5": 685,
        "6": 606,
        "7": 642,
        "8": 679,
        "9": 610
      }
    },
    {
      "elapsed_s": 10.000004626,
      "total_lag": 7769,
      "max_partition_lag": 678,
      "committed_offset_sum": 71639,
      "end_offset_sum": 79408,
      "per_partition_lag": {
        "0": 646,
        "1": 669,
        "10": 629,
        "11": 666,
        "2": 661,
        "3": 585,
        "4": 678,
        "5": 632,
        "6": 623,
        "7": 671,
        "8": 633,
        "9": 676
      }
    },
    {
      "elapsed_s": 12.000005876,
      "total_lag": 7784,
      "max_partition_lag": 701,
      "committed_offset_sum": 87610,
      "end_offset_sum": 95394,
      "per_partition_lag": {
        "0": 656,
        "1": 673,
        "10": 636,
        "11": 633,
        "2": 671,
        "3": 657,
        "4": 647,
        "5": 627,
        "6": 701,
        "7": 640,
        "8": 610,
        "9": 633
      }
    },
    {
      "elapsed_s": 14.000004083,
      "total_lag": 7801,
      "max_partition_lag": 686,
      "committed_offset_sum": 103580,
      "end_offset_sum": 111381,
      "per_partition_lag": {
        "0": 676,
        "1": 643,
        "10": 659,
        "11": 664,
        "2": 667,
        "3": 664,
        "4": 661,
        "5": 644,
        "6": 611,
        "7": 602,
        "8": 624,
        "9": 686
      }
    },
    {
      "elapsed_s": 16.000003959,
      "total_lag": 7767,
      "max_partition_lag": 684,
      "committed_offset_sum": 119566,
      "end_offset_sum": 127333,
      "per_partition_lag": {
        "0": 643,
        "1": 680,
        "10": 675,
        "11": 634,
        "2": 646,
        "3": 623,
        "4": 636,
        "5": 602,
        "6": 632,
        "7": 648,
        "8": 684,
        "9": 664
      }
    }
  ],
  "lag_summary": {
    "max_total_lag": 7801,
    "final_total_lag": 7767,
    "recovery_drain_rate_msg_per_sec": 17.000001054000062,
    "time_to_drain_s": 1.9999998760000004,
    "sample_count": 8
  },
  "sysperf_timeline": [
    {
      "elapsed_s": 2.000001124,
      "goroutines": 280,
      "heap_alloc_mb": 35.570106506347656,
      "heap_inuse_mb": 37.625,
      "stack_inuse_mb": 1.6875,
      "sys_mb": 82.3342514038086,
      "num_gc": 75,
      "gc_pause_total_ms": 6.493764,
      "gc_pause_last_ms": 0.083625,
      "cpu_fraction_pct": 99.77507937640536,
      "gomaxprocs": 8
    },
    {
      "elapsed_s": 4.000000874,
      "goroutines": 446,
      "heap_alloc_mb": 43.058509826660156,
      "heap_inuse_mb": 45.8203125,
      "stack_inuse_mb": 2.03125,
      "sys_mb": 90.3342514038086,
      "num_gc": 138,
      "gc_pause_total_ms": 11.96422,
      "gc_pause_last_ms": 0.103916,
      "cpu_fraction_pct": 100.44482710560338,
      "gomaxprocs": 8
    },
    {
      "elapsed_s": 6.000013916,
      "goroutines": 446,
      "heap_alloc_mb": 38.60089111328125,
      "heap_inuse_mb": 41.3984375,
      "stack_inuse_mb": 2.0625,
      "sys_mb": 90.3342514038086,
      "num_gc": 205,
      "gc_pause_total_ms": 18.096227,
      "gc_pause_last_ms": 0.071792,
      "cpu_fraction_pct": 99.88964656961473,
      "gomaxprocs": 8
    },
    {
      "elapsed_s": 8.000000624,
      "goroutines": 446,
      "heap_alloc_mb": 49.950164794921875,
      "heap_inuse_mb": 52.3984375,
      "stack_inuse_mb": 2.0625,
      "sys_mb": 94.3342514038086,
      "num_gc": 276,
      "gc_pause_total_ms": 23.204772,
      "gc_pause_last_ms": 0.05725,
      "cpu_fraction_pct": 99.42857955233971,
      "gomaxprocs": 8
    },
    {
      "elapsed_s": 10.000028874,
      "goroutines": 446,
      "heap_alloc_mb": 40.09452819824219,
      "heap_inuse_mb": 42.90625,
      "stack_inuse_mb": 2.0625,
      "sys_mb": 94.3342514038086,
      "num_gc": 346,
      "gc_pause_total_ms": 28.420018,
      "gc_pause_last_ms": 0.084791,
      "cpu_fraction_pct": 100.55993789087725,
      "gomaxprocs": 8
    },
    {
      "elapsed_s": 12.000009583,
      "goroutines": 446,
      "heap_alloc_mb": 50.00538635253906,
      "heap_inuse_mb": 52.609375,
      "stack_inuse_mb": 2.0625,
      "sys_mb": 94.3342514038086,