{
  "config": {
    "acks": 1,
    "batch_bytes": 65536,
    "brokers": [
      "localhost:9092"
    ],
    "compression": "snappy",
    "consumer_delay": "0s",
    "consumer_jitter": "0s",
    "consumers": 4,
    "duration_s": 30,
    "group": "bench-group-v4",
    "initial_offset": "oldest",
    "linger_ms": 5,
    "message_size": 512,
    "partitions": 12,
    "payload_mode": "mixed",
    "phase_delay": "0s",
    "phase_duration": "0s",
    "producers": 8,
    "target_rate": 10000,
    "topic": "bench-topic-v4",
    "warmup_s": 5
  },
  "final": {
    "elapsed_s": 30.017804958,
    "messages_sent": 297899,
    "messages_received": 297927,
    "errors": 0,
    "bytes_sent": 152524288,
    "bytes_received": 152538624,
    "avg_rate_msg_per_sec": 9924.076741014582,
    "avg_recv_rate_msg_per_sec": 9925.009520744452,
    "throughput_mb_per_sec": 4.845740596198526,
    "ack_latency_ms": {
      "Min": 0.229,
      "Max": 59.096,
      "Mean": 3.665834695651882,
      "StdDev": 3.01597533129654,
      "Variance": 9.096107198989275,
      "P50": 3.323,
      "P75": 4.789,
      "P90": 5.644,
      "P95": 6.248,
      "P99": 15.962,
      "P995": 22.586,
      "P999": 35.815,
      "P9999": 48.623,
      "MAD": 1.435,
      "Count": 297899,
      "CDFBuckets": [
        0,
        0,
        1,
        2712,
        28235,
        44119,
        157522,
        58997,
        4370,
        1925,
        18,
        0,
        0,
        0,
        0,
        0,
        0,
        0,
        0,
        0,
        0,
        0,
        0
      ]
    },
    "e2e_latency_ms": {
      "Min": 0.389,
      "Max": 154.215,
      "Mean": 4.6551819438990085,
      "StdDev": 6.6340144822371405,
      "Variance": 44.01014815053212,
      "P50": 3.894,
      "P75": 5.412,
      "P90": 6.356,
      "P95": 7.899,
      "P99": 30.771,
      "P995": 52.887,
      "P999": 97.185,
      "P9999": 149.495,
      "MAD": 1.532,
      "Count": 297927,
      "CDFBuckets": [
        0,
        0,
        0,
        67,
        16116,
        41852,
        148844,
        80521,
        5869,
        3057,
        1335,
        266,
        0,
        0,
        0,
        0,
        0,
        0,
        0,
        0,
        0,
        0,
        0
      ]
    }
  },
  "timeline": [
    {
      "elapsed_s": 5.000151708,
      "inst_rate": 9843.701326351837,
      "recv_rate": 9850.501120035216,
      "throughput_mb": 4.806494788257733,
      "ack_p50_ms": 3.329,
      "ack_p99_ms": 20.259,
      "e2e_p50_ms": 3.957,
      "e2e_p99_ms": 77.45,
      "errors": 0
    },
    {
      "elapsed_s": 10.0001235,
      "inst_rate": 9930.656024789028,
      "recv_rate": 9930.656024789028,
      "throughput_mb": 4.848953137104018,
      "ack_p50_ms": 3.248,
      "ack_p99_ms": 11.296,
      "e2e_p50_ms": 3.802,
      "e2e_p99_ms": 10.809,
      "errors": 0
    },
    {
      "elapsed_s": 15.000124583,
      "inst_rate": 9927.797849638986,
      "recv_rate": 9927.797849638986,
      "throughput_mb": 4.847557543769036,
      "ack_p50_ms": 3.249,
      "ack_p99_ms": 9.438,
      "e2e_p50_ms": 3.838,
      "e2e_p99_ms": 13.468,
      "errors": 0
    },
    {
      "elapsed_s": 20.000151083,
      "inst_rate": 9926.547389298838,
      "recv_rate": 9926.547389298838,
      "throughput_mb": 4.846946967431073,
      "ack_p50_ms": 3.74,
      "ack_p99_ms": 26.062,
      "e2e_p50_ms": 4.091,
      "e2e_p99_ms": 61.285,
      "errors": 0
    },
    {
      "elapsed_s": 25.000130041,
      "inst_rate": 9997.642074076904,
      "recv_rate": 9997.642074076904,
      "throughput_mb": 4.8816611689828635,
      "ack_p50_ms": 3.096,
      "ack_p99_ms": 6.719,
      "e2e_p50_ms": 3.594,
      "e2e_p99_ms": 8.533,
      "errors": 0
    }
  ],
  "lag_timeline": [
    {
      "elapsed_s": 2.000015084,
      "total_lag": 9990,
      "max_partition_lag": 900,
      "committed_offset_sum": 9411,
      "end_offset_sum": 19401,
      "per_partition_lag": {
        "0": 841,
        "1": 791,
        "10": 853,
        "11": 829,
        "2": 884,
        "3": 807,
        "4": 784,
        "5": 900,
        "6": 809,
        "7": 892,
        "8": 799,
        "9": 801
      }
    },
    {
      "elapsed_s": 4.000002167,
      "total_lag": 9700,
      "max_partition_lag": 845,
      "committed_offset_sum": 29722,
      "end_offset_sum": 39422,
      "per_partition_lag": {
        "0": 776,
        "1": 845,
        "10": 804,
        "11": 794,
        "2": 806,
        "3": 804,
        "4": 805,
        "5": 802,
        "6": 814,
        "7": 822,
        "8": 798,
        "9": 830
      }
    },
    {
      "elapsed_s": 6.000012708,
      "total_lag": 9645,
      "max_partition_lag": 848,
      "committed_offset_sum": 49369,
      "end_offset_sum": 59014,
      "per_partition_lag": {
        "0": 848,
        "1": 810,
        "10": 769,
        "11": 827,
        "2": 814,
        "3": 820,
        "4": 804,
        "5": 804,
        "6": 798,
        "7": 741,
        "8": 792,
        "9": 818
      }
    },
    {
      "elapsed_s": 8.000001125,
      "total_lag": 94,
      "max_partition_lag": 17,
      "committed_offset_sum": 78872,
      "end_offset_sum": 78966,
      "per_partition_lag": {
        "0": 0,
        "1": 1,
        "10": 17,
        "11": 14,
        "2": 0,
        "3": 8,
        "4": 7,
        "5": 7,
        "6": 16,
        "7": 8,
        "8": 7,
        "9": 9
      }
    },
    {
      "elapsed_s": 10.000000958,
      "total_lag": 9674,
      "max_partition_lag": 848,
      "committed_offset_sum": 88893,
      "end_offset_sum": 98567,
      "per_partition_lag": {
        "0": 815,
        "1": 819,
        "10": 796,
        "11": 813,
        "2": 805,
        "3": 766,
        "4": 809,
        "5": 828,
        "6": 756,
        "7": 848,
        "8": 808,
        "9": 811
      }
    },
    {
      "elapsed_s": 12.000001625,
      "total_lag": 9601,
      "max_partition_lag": 839,
      "committed_offset_sum": 108790,
      "end_offset_sum": 118391,
      "per_partition_lag": {
        "0": 813,
        "1": 764,
        "10": 807,
        "11": 773,
        "2": 816,
        "3": 837,
        "4": 808,
        "5": 839,
        "6": 794,
        "7": 784,
        "8": 789,
        "9": 777
      }
    },
    {
      "elapsed_s": 14.000031083,
      "total_lag": 9679,
      "max_partition_lag": 852,
      "committed_offset_sum": 128573,
      "end_offset_sum": 138252,
      "per_partition_lag": {
        "0": 835,
        "1": 803,
        "10": 807,
        "11": 812,
        "2": 812,
        "3": 816,
        "4": 780,
        "5": 756,
        "6": 849,
        "7": 852,
        "8": 774,
        "9": 783
      }
    },
    {
      "elapsed_s": 16.0000175,
      "total_lag": 9700,
      "max_partition_lag": 850,
      "committed_offset_sum": 148521,
      "end_offset_sum": 158221,
      "per_partition_lag": {
        "0": 814,
        "1": 755,
        "10": 760,
        "11": 836,
        "2": 805,
        "3": 819,
        "4": 813,
        "5": 787,
        "6": 802,
        "7": 850,
        "8": 818,
        "9": 841
      }
    },
    {
      "elapsed_s": 18.000015417,
      "total_lag": 9653,
      "max_partition_lag": 868,
      "committed_offset_sum": 168314,
      "end_offset_sum": 177967,
      "per_partition_lag": {
        "0": 777,
        "1": 799,
        "10": 802,
        "11": 790,
        "2": 868,
        "3": 751,
        "4": 814,
        "5": 825,
        "6": 734,
        "7": 828,
        "8": 835,
        "9": 830
      }
    },
    {
      "elapsed_s": 20.000014125,
      "total_lag": 9620,
      "max_partition_lag": 846,
      "committed_offset_sum": 188265,
      "end_offset_sum": 197885,
      "per_partition_lag": {
        "0": 767,
        "1": 802,
        "10": 830,
        "11": 755,
        "2": 846,
        "3": 831,
        "4": 729,
        "5": 830,
        "6": 824,
        "7": 791,
        "8": 820,