{
  "config": {
    "acks": 1,
    "batch_bytes": 65536,
    "brokers": [
      "localhost:9092"
    ],
    "compression": "snappy",
    "consumer_delay": "0s",
    "consumer_jitter": "0s",
    "consumers": 4,
    "duration_s": 20,
    "group": "bench-group-v4",
    "initial_offset": "oldest",
    "linger_ms": 5,
    "message_size": 512,
    "partitions": 12,
    "payload_mode": "mixed",
    "phase_delay": "0s",
    "phase_duration": "0s",
    "producers": 8,
    "target_rate": 10000,
    "topic": "bench-topic-v4",
    "warmup_s": 3
  },
  "final": {
    "elapsed_s": 20.003943375,
    "messages_sent": 193629,
    "messages_received": 193647,
    "errors": 0,
    "bytes_sent": 99138048,
    "bytes_received": 99147264,
    "avg_rate_msg_per_sec": 9679.541496902484,
    "avg_recv_rate_msg_per_sec": 9680.44131948559,
    "throughput_mb_per_sec": 4.726338621534416,
    "ack_latency_ms": {
      "Min": 0.314,
      "Max": 144.219,
      "Mean": 3.9944290473017987,
      "StdDev": 5.665119341770538,
      "Variance": 32.093577156502654,
      "P50": 3.418,
      "P75": 4.896,
      "P90": 5.739,
      "P95": 6.508,
      "P99": 20.64,
      "P995": 33.748,
      "P999": 95.719,
      "P9999": 136.332,
      "MAD": 1.449,
      "Count": 193629,
      "CDFBuckets": [
        0,
        0,
        0,
        858,
        18194,
        28737,
        100581,
        40803,
        2455,
        1407,
        431,
        163,
        0,
        0,
        0,
        0,
        0,
        0,
        0,
        0,
        0,
        0,
        0
      ]
    },
    "e2e_latency_ms": {
      "Min": 0.42,
      "Max": 180.932,
      "Mean": 5.214583401756805,
      "StdDev": 9.537172384098843,
      "Variance": 90.95765708401761,
      "P50": 3.999,
      "P75": 5.545,
      "P90": 6.546,
      "P95": 8.3,
      "P99": 48.125,
      "P995": 80.119,
      "P999": 136.376,
      "P9999": 163.385,
      "MAD": 1.545,
      "Count": 193647,
      "CDFBuckets": [
        0,
        0,
        0,
        9,
        8429,
        26557,
        94904,
        56414,
        3144,
        2337,
        1264,
        589,
        0,
        0,
        0,
        0,
        0,
        0,
        0,
        0,
        0,
        0,
        0
      ]
    }
  },
  "timeline": [],
  "lag_timeline": [
    {
      "elapsed_s": 2.000030959,
      "total_lag": 9543,
      "max_partition_lag": 829,
      "committed_offset_sum": 10068,
      "end_offset_sum": 19611,
      "per_partition_lag": {
        "0": 804,
        "1": 793,
        "10": 795,
        "11": 787,
        "2": 740,
        "3": 814,
        "4": 768,
        "5": 829,
        "6": 810,
        "7": 817,
        "8": 808,
        "9": 778
      }
    },
    {
      "elapsed_s": 4.000019126,
      "total_lag": 9714,
      "max_partition_lag": 865,
      "committed_offset_sum": 29366,
      "end_offset_sum": 39080,
      "per_partition_lag": {
        "0": 771,
        "1": 791,
        "10": 818,
        "11": 758,
        "2": 865,
        "3": 814,
        "4": 793,
        "5": 850,
        "6": 774,
        "7": 804,
        "8": 849,
        "9": 827
      }
    },
    {
      "elapsed_s": 6.000017334,
      "total_lag": 9489,
      "max_partition_lag": 839,
      "committed_offset_sum": 49158,
      "end_offset_sum": 58647,
      "per_partition_lag": {
        "0": 733,
        "1": 778,
        "10": 738,
        "11": 819,
        "2": 770,
        "3": 801,
        "4": 810,
        "5": 782,
        "6": 793,
        "7": 839,
        "8": 818,
        "9": 808
      }
    },
    {
      "elapsed_s": 8.000016918,
      "total_lag": 9659,
      "max_partition_lag": 877,
      "committed_offset_sum": 68353,
      "end_offset_sum": 78012,
      "per_partition_lag": {
        "0": 772,
        "1": 807,
        "10": 781,
        "11": 825,
        "2": 796,
        "3": 795,
        "4": 877,
        "5": 843,
        "6": 764,
        "7": 798,
        "8": 782,
        "9": 819
      }
    },
    {
      "elapsed_s": 10.000016667,
      "total_lag": 9570,
      "max_partition_lag": 855,
      "committed_offset_sum": 87822,
      "end_offset_sum": 97392,
      "per_partition_lag": {
        "0": 789,
        "1": 826,
        "10": 775,
        "11": 812,
        "2": 807,
        "3": 786,
        "4": 826,
        "5": 855,
        "6": 794,
        "7": 752,
        "8": 803,
        "9": 745
      }
    },
    {
      "elapsed_s": 12.000016959,
      "total_lag": 9513,
      "max_partition_lag": 824,
      "committed_offset_sum": 107270,
      "end_offset_sum": 116783,
      "per_partition_lag": {
        "0": 775,
        "1": 781,
        "10": 786,
        "11": 808,
        "2": 796,
        "3": 765,
        "4": 804,
        "5": 824,
        "6": 819,
        "7": 769,
        "8": 809,
        "9": 777
      }
    },
    {
      "elapsed_s": 14.000018084,
      "total_lag": 9573,
      "max_partition_lag": 843,
      "committed_offset_sum": 126649,
      "end_offset_sum": 136222,
      "per_partition_lag": {
        "0": 806,
        "1": 812,
        "10": 776,
        "11": 795,
        "2": 829,
        "3": 793,
        "4": 767,
        "5": 833,
        "6": 843,
        "7": 803,
        "8": 735,
        "9": 781
      }
    },
    {
      "elapsed_s": 16.000016834,
      "total_lag": 9811,
      "max_partition_lag": 871,
      "committed_offset_sum": 145231,
      "end_offset_sum": 155042,
      "per_partition_lag": {
        "0": 795,
        "1": 829,
        "10": 871,
        "11": 793,
        "2": 827,
        "3": 829,
        "4": 804,
        "5": 840,
        "6": 804,
        "7": 809,
        "8": 797,
        "9": 813
      }
    },
    {
      "elapsed_s": 18.000017417,
      "total_lag": 9810,
      "max_partition_lag": 862,
      "committed_offset_sum": 164636,
      "end_offset_sum": 174446,
      "per_partition_lag": {
        "0": 787,
        "1": 824,
        "10": 809,
        "11": 831,
        "2": 776,
        "3": 814,
        "4": 862,
        "5": 780,
        "6": 833,
        "7": 855,
        "8": 802,
        "9": 837
      }
    },
    {
      "elapsed_s": 20.000018501,
      "total_lag": 9474,
      "max_partition_lag": 831,
      "committed_offset_sum": 184369,
      "end_offset_sum": 193843,
      "per_partition_lag": {
        "0": 807,
        "1": 773,
        "10": 798,
        "11": 756,
        "2": 824,
        "3": 766,
        "4": 744,
        "5": 831,
        "6": 811,
        "7": 795,
        "8": 783,
        "9": 786
      }
    },
    {
      "elapsed_s": 22.000018209,
      "total_lag": 9646,
      "max_partition_lag": 852,
      "committed_offset_sum": 203634,
      "end_offset_sum": 213280,
      "per_partition_lag": {
        "0": 794,
        "1": 786,
        "10": 772,
        "11": 758,
        "2": 845,
        "3": 802,
        "4": 814,
        "5": 836,
        "6": 800,
        "7": 794,
        "8": 793,
        "9": 852
      }
    }
  ],
  "lag_summary": {
    "max_total_lag": 9811,
    "final_total_lag": 9646,
    "recovery_drain_rate_msg_per_sec": 27.49999369791811,
    "time_to_drain_s": 6.000001375,
    "sample_count": 11
  },
  "sysperf_timeline": [
    {
      "elapsed_s": 2.000001376,
      "goroutines": 291,
      "heap_alloc_mb": 34.15741729736328,
      "heap_inuse_mb": 37.7265625,
      "stack_inuse_mb": 2.09375,
      "sys_mb": 74.8186264038086,
      "num_gc": 10,
      "gc_pause_total_ms": 0.718209,
      "gc_pause_last_ms": 0.129667,
      "cpu_fraction_pct": 93.19824002961087,
      "gomaxprocs": 8
    },
    {
      "elapsed_s": 4.00000075,
      "goroutines": 468,
      "heap_alloc_mb": 49.049537658691406,
      "heap_inuse_mb": 53.3359375,
      "stack_inuse_mb": 2.78125,
      "sys_mb": 83.0842514038086,
      "num_gc": 15,
      "gc_pause_total_ms": 1.014168,
      "gc_pause_last_ms": 0.054917,
      "cpu_fraction_pct": 93.10859999299178,