{
  "config": {
    "acks": 1,
    "batch_bytes": 65536,
    "brokers": [
      "localhost:9092"
    ],
    "compression": "snappy",
    "consumer_delay": "0s",
    "consumer_jitter": "0s",
    "consumers": 4,
    "duration_s": 15,
    "group": "bench-group-v4",
    "initial_offset": "oldest",
    "linger_ms": 5,
    "message_size": 256,
    "partitions": 12,
    "payload_mode": "mixed",
    "phase_delay": "0s",
    "phase_duration": "0s",
    "producers": 8,
    "target_rate": 8000,
    "topic": "bench-topic-v4",
    "warmup_s": 2
  },
  "final": {
    "elapsed_s": 15.0060295,
    "messages_sent": 118883,
    "messages_received": 118910,
    "errors": 0,
    "bytes_sent": 30434048,
    "bytes_received": 30440960,
    "avg_rate_msg_per_sec": 7922.348813188725,
    "avg_recv_rate_msg_per_sec": 7924.148089939447,
    "throughput_mb_per_sec": 1.9341671907199036,
    "ack_latency_ms": {
      "Min": 0.23,
      "Max": 23.97,
      "Mean": 3.2565984623537427,
      "StdDev": 1.7947033011621656,
      "Variance": 3.2209599392023747,
      "P50": 3.37,
      "P75": 4.554,
      "P90": 5.466,
      "P95": 5.589,
      "P99": 6.658,
      "P995": 8.71,
      "P999": 14.872,
      "P9999": 20.934,
      "MAD": 1.292,
      "Count": 118883,
      "CDFBuckets": [
        0,
        0,
        4,
        6393,
        6160,
        20645,
        62614,
        22633,
        417,
        17,
        0,
        0,
        0,
        0,
        0,
        0,
        0,
        0,
        0,
        0,
        0,
        0,
        0
      ]
    },
    "e2e_latency_ms": {
      "Min": 0.318,
      "Max": 128.175,
      "Mean": 3.9749485661424604,
      "StdDev": 5.8169649951630875,
      "Variance": 33.8370817549527,
      "P50": 3.61,
      "P75": 4.885,
      "P90": 5.742,
      "P95": 6.07,
      "P99": 11.319,
      "P995": 38.889,
      "P999": 99.839,
      "P9999": 126.002,
      "MAD": 1.384,
      "Count": 118910,
      "CDFBuckets": [
        0,
        0,
        0,
        481,
        9144,
        19535,
        61802,
        26569,
        617,
        259,
        388,
        115,
        0,
        0,
        0,
        0,
        0,
        0,
        0,
        0,
        0,
        0,
        0
      ]
    }
  },
  "timeline": [],
  "lag_timeline": [
    {
      "elapsed_s": 2.000002876,
      "total_lag": 13,
      "max_partition_lag": 4,
      "committed_offset_sum": 15771,
      "end_offset_sum": 15784,
      "per_partition_lag": {
        "0": 0,
        "1": 0,
        "10": 0,
        "11": 4,
        "2": 0,
        "3": 0,
        "4": 3,
        "5": 0,
        "6": 0,
        "7": 2,
        "8": 3,
        "9": 1
      }
    },
    {
      "elapsed_s": 4.000017334,
      "total_lag": 7735,
      "max_partition_lag": 665,
      "committed_offset_sum": 23750,
      "end_offset_sum": 31485,
      "per_partition_lag": {
        "0": 634,
        "1": 622,
        "10": 652,
        "11": 656,
        "2": 621,
        "3": 632,
        "4": 647,
        "5": 665,
        "6": 639,
        "7": 661,
        "8": 641,
        "9": 665
      }
    },
    {
      "elapsed_s": 6.000002708,
      "total_lag": 7833,
      "max_partition_lag": 687,
      "committed_offset_sum": 39595,
      "end_offset_sum": 47428,
      "per_partition_lag": {
        "0": 634,
        "1": 613,
        "10": 670,
        "11": 616,
        "2": 661,
        "3": 682,
        "4": 665,
        "5": 677,
        "6": 650,
        "7": 687,
        "8": 622,
        "9": 656
      }
    },
    {
      "elapsed_s": 8.000005751,
      "total_lag": 7827,
      "max_partition_lag": 672,
      "committed_offset_sum": 55424,
      "end_offset_sum": 63251,
      "per_partition_lag": {
        "0": 650,
        "1": 663,
        "10": 672,
        "11": 650,
        "2": 653,
        "3": 620,
        "4": 667,
        "5": 642,
        "6": 663,
        "7": 638,
        "8": 637,
        "9": 672
      }
    },
    {
      "elapsed_s": 10.000002875,
      "total_lag": 7813,
      "max_partition_lag": 687,
      "committed_offset_sum": 71333,
      "end_offset_sum": 79146,
      "per_partition_lag": {
        "0": 650,
        "1": 659,
        "10": 668,
        "11": 664,
        "2": 648,
        "3": 618,
        "4": 687,
        "5": 662,
        "6": 609,
        "7": 641,
        "8": 661,
        "9": 646
      }
    },
    {
      "elapsed_s": 12.000017876,
      "total_lag": 7850,
      "max_partition_lag": 688,
      "committed_offset_sum": 87243,
      "end_offset_sum": 95093,
      "per_partition_lag": {
        "0": 663,
        "1": 676,
        "10": 688,
        "11": 619,
        "2": 666,
        "3": 634,
        "4": 686,
        "5": 626,
        "6": 672,
        "7": 638,
        "8": 618,
        "9": 664
      }
    },
    {
      "elapsed_s": 14.000002709,
      "total_lag": 7847,
      "max_partition_lag": 717,
      "committed_offset_sum": 103048,
      "end_offset_sum": 110895,
      "per_partition_lag": {
        "0": 599,
        "1": 656,
        "10": 662,
        "11": 670,
        "2": 663,
        "3": 638,
        "4": 649,
        "5": 717,
        "6": 674,
        "7": 627,
        "8": 654,
        "9": 638
      }
    },
    {
      "elapsed_s": 16.000018292,
      "total_lag": 7832,
      "max_partition_lag": 672,
      "committed_offset_sum": 118849,
      "end_offset_sum": 126681,
      "per_partition_lag": {
        "0": 670,
        "1": 641,
        "10": 638,
        "11": 672,
        "2": 611,
        "3": 669,
        "4": 653,
        "5": 648,
        "6": 666,
        "7": 642,
        "8": 650,
        "9": 672
      }
    }
  ],
  "lag_summary": {
    "max_total_lag": 7850,
    "final_total_lag": 7832,
    "recovery_drain_rate_msg_per_sec": 4.499999532000048,
    "time_to_drain_s": 4.000000416000001,
    "sample_count": 8
  },
  "sysperf_timeline": [
    {
      "elapsed_s": 2.000037291,
      "goroutines": 281,
      "heap_alloc_mb": 39.95130157470703,
      "heap_inuse_mb": 43.03125,
      "stack_inuse_mb": 2.09375,
      "sys_mb": 70.7561264038086,
      "num_gc": 8,
      "gc_pause_total_ms": 0.551044,
      "gc_pause_last_ms": 0.088666,
      "cpu_fraction_pct": 81.11671668825899,
      "gomaxprocs": 8
    },
    {
      "elapsed_s": 4.000035457,
      "goroutines": 468,
      "heap_alloc_mb": 50.66145324707031,
      "heap_inuse_mb": 54.109375,
      "stack_inuse_mb": 2.5625,
      "sys_mb": 79.1311264038086,
      "num_gc": 11,
      "gc_pause_total_ms": 0.815626,
      "gc_pause_last_ms": 0.06975,
      "cpu_fraction_pct": 95.15068520317833,
      "gomaxprocs": 8
    },
    {
      "elapsed_s": 6.000053291,
      "goroutines": 468,
      "heap_alloc_mb": 39.14942932128906,
      "heap_inuse_mb": 42.484375,
      "stack_inuse_mb": 2.53125,
      "sys_mb": 79.1936264038086,
      "num_gc": 14,
      "gc_pause_total_ms": 1.009543,
      "gc_pause_last_ms": 0.048958,
      "cpu_fraction_pct": 115.70969736662859,
      "gomaxprocs": 8
    },
    {
      "elapsed_s": 8.00003525,
      "goroutines": 468,
      "heap_alloc_mb": 56.136131286621094,
      "heap_inuse_mb": 59.5078125,
      "stack_inuse_mb": 2.53125,
      "sys_mb": 79.1936264038086,
      "num_gc": 16,
      "gc_pause_total_ms": 1.149377,
      "gc_pause_last_ms": 0.067084,
      "cpu_fraction_pct": 77.49971368616725,
      "gomaxprocs": 8
    },
    {
      "elapsed_s": 10.000044416,
      "goroutines": 468,
      "heap_alloc_mb": 43.47859191894531,
      "heap_inuse_mb": 46.9375,
      "stack_inuse_mb": 2.53125,
      "sys_mb": 79.4592514038086,
      "num_gc": 19,
      "gc_pause_total_ms": 1.381502,
      "gc_pause_last_ms": 0.069834,
      "cpu_fraction_pct": 116.81822712206518,
      "gomaxprocs": 8
    },
    {
      "elapsed_s": 12.000054541,
      "goroutines": 468,
      "heap_alloc_mb": 60.73497772216797,
      "heap_inuse_mb": 64.609375,
      "stack_inuse_mb": 2.53125,
      "sys_mb": 79.4592514038086,
      "num_gc": 21,