{
  "config": {
    "acks": 1,
    "batch_bytes": 65536,
    "brokers": [
      "localhost:9092"
    ],
    "compression": "zstd",
    "consumer_delay": "0s",
    "consumer_jitter": "0s",
    "consumers": 4,
    "duration_s": 20,
    "group": "bench-group-v4",
    "initial_offset": "oldest",
    "linger_ms": 5,
    "message_size": 512,
    "partitions": 12,
    "payload_mode": "mixed",
    "phase_delay": "0s",
    "phase_duration": "0s",
    "producers": 8,
    "target_rate": 10000,
    "topic": "bench-topic-v4",
    "warmup_s": 3
  },
  "final": {
    "elapsed_s": 20.013331208,
    "messages_sent": 197858,
    "messages_received": 197900,
    "errors": 0,
    "bytes_sent": 101303296,
    "bytes_received": 101324800,
    "avg_rate_msg_per_sec": 9886.310177133806,
    "avg_recv_rate_msg_per_sec": 9888.40877828938,
    "throughput_mb_per_sec": 4.827299891178616,
    "ack_latency_ms": {
      "Min": 0.332,
      "Max": 91.13,
      "Mean": 4.114832202892984,
      "StdDev": 4.583970800890336,
      "Variance": 21.01278830341519,
      "P50": 3.723,
      "P75": 5.106,
      "P90": 5.996,
      "P95": 7.152,
      "P99": 22.164,
      "P995": 36.973,
      "P999": 66.17,
      "P9999": 78.655,
      "MAD": 1.496,
      "Count": 197858,
      "CDFBuckets": [
        0,
        0,
        0,
        852,
        15584,
        26828,
        102510,
        47540,
        2342,
        1707,
        495,
        0,
        0,
        0,
        0,
        0,
        0,
        0,
        0,
        0,
        0,
        0,
        0
      ]
    },
    "e2e_latency_ms": {
      "Min": 0.41,
      "Max": 144.758,
      "Mean": 5.189737145022739,
      "StdDev": 8.034219146170264,
      "Variance": 64.54867728868884,
      "P50": 4.148,
      "P75": 5.655,
      "P90": 7.024,
      "P95": 8.85,
      "P99": 41.028,
      "P995": 65.061,
      "P999": 114.849,
      "P9999": 141.486,
      "MAD": 1.531,
      "Count": 197900,
      "CDFBuckets": [
        0,
        0,
        0,
        8,
        8643,
        23604,
        95176,
        62493,
        4131,
        2297,
        1143,
        405,
        0,
        0,
        0,
        0,
        0,
        0,
        0,
        0,
        0,
        0,
        0
      ]
    }
  },
  "timeline": [
    {
      "elapsed_s": 20.00006325,
      "inst_rate": 9892.868713802693,
      "recv_rate": 9894.968707161464,
      "throughput_mb": 4.830502301661471,
      "ack_p50_ms": 3.723,
      "ack_p99_ms": 22.164,
      "e2e_p50_ms": 4.148,
      "e2e_p99_ms": 41.028,
      "errors": 0
    }
  ],
  "lag_timeline": [
    {
      "elapsed_s": 2.000001417,
      "total_lag": 9249,
      "max_partition_lag": 817,
      "committed_offset_sum": 9730,
      "end_offset_sum": 18979,
      "per_partition_lag": {
        "0": 817,
        "1": 765,
        "10": 777,
        "11": 765,
        "2": 756,
        "3": 785,
        "4": 771,
        "5": 745,
        "6": 781,
        "7": 759,
        "8": 759,
        "9": 769
      }
    },
    {
      "elapsed_s": 4.00001225,
      "total_lag": 9709,
      "max_partition_lag": 849,
      "committed_offset_sum": 28953,
      "end_offset_sum": 38662,
      "per_partition_lag": {
        "0": 824,
        "1": 759,
        "10": 840,
        "11": 834,
        "2": 773,
        "3": 849,
        "4": 788,
        "5": 803,
        "6": 825,
        "7": 780,
        "8": 836,
        "9": 798
      }
    },
    {
      "elapsed_s": 6.000010834,
      "total_lag": 9806,
      "max_partition_lag": 843,
      "committed_offset_sum": 48864,
      "end_offset_sum": 58670,
      "per_partition_lag": {
        "0": 827,
        "1": 829,
        "10": 825,
        "11": 812,
        "2": 816,
        "3": 812,
        "4": 807,
        "5": 795,
        "6": 802,
        "7": 843,
        "8": 820,
        "9": 818
      }
    },
    {
      "elapsed_s": 8.000013833,
      "total_lag": 9776,
      "max_partition_lag": 875,
      "committed_offset_sum": 68831,
      "end_offset_sum": 78607,
      "per_partition_lag": {
        "0": 775,
        "1": 838,
        "10": 759,
        "11": 832,
        "2": 769,
        "3": 831,
        "4": 835,
        "5": 760,
        "6": 875,
        "7": 791,
        "8": 836,
        "9": 875
      }
    },
    {
      "elapsed_s": 10.000013,
      "total_lag": 9460,
      "max_partition_lag": 808,
      "committed_offset_sum": 88821,
      "end_offset_sum": 98281,
      "per_partition_lag": {
        "0": 751,
        "1": 795,
        "10": 769,
        "11": 788,
        "2": 797,
        "3": 806,
        "4": 805,
        "5": 795,
        "6": 797,
        "7": 783,
        "8": 766,
        "9": 808
      }
    },
    {
      "elapsed_s": 12.000017417,
      "total_lag": 9755,
      "max_partition_lag": 851,
      "committed_offset_sum": 108326,
      "end_offset_sum": 118081,
      "per_partition_lag": {
        "0": 792,
        "1": 812,
        "10": 820,
        "11": 845,
        "2": 808,
        "3": 782,
        "4": 794,
        "5": 802,
        "6": 851,
        "7": 792,
        "8": 821,
        "9": 836
      }
    },
    {
      "elapsed_s": 14.000001001,
      "total_lag": 9791,
      "max_partition_lag": 876,
      "committed_offset_sum": 128261,
      "end_offset_sum": 138052,
      "per_partition_lag": {
        "0": 788,
        "1": 805,
        "10": 828,
        "11": 789,
        "2": 815,
        "3": 828,
        "4": 801,
        "5": 876,
        "6": 827,
        "7": 820,
        "8": 802,
        "9": 812
      }
    },
    {
      "elapsed_s": 16.000013375,
      "total_lag": 9615,
      "max_partition_lag": 879,
      "committed_offset_sum": 148094,
      "end_offset_sum": 157709,
      "per_partition_lag": {
        "0": 772,
        "1": 790,
        "10": 814,
        "11": 818,
        "2": 756,
        "3": 782,
        "4": 798,
        "5": 809,
        "6": 879,
        "7": 770,
        "8": 839,
        "9": 788
      }
    },
    {
      "elapsed_s": 18.000013208,
      "total_lag": 9779,
      "max_partition_lag": 878,
      "committed_offset_sum": 167875,
      "end_offset_sum": 177654,
      "per_partition_lag": {
        "0": 797,
        "1": 812,
        "10": 771,
        "11": 826,
        "2": 858,
        "3": 774,
        "4": 824,
        "5": 795,
        "6": 808,
        "7": 807,
        "8": 878,
        "9": 829
      }
    },
    {
      "elapsed_s": 20.000000542,
      "total_lag": 9734,
      "max_partition_lag": 859,
      "committed_offset_sum": 187861,
      "end_offset_sum": 197595,
      "per_partition_lag": {
        "0": 847,
        "1": 859,
        "10": 811,
        "11": 813,
        "2": 832,
        "3": 807,
        "4": 806,
        "5": 750,
        "6": 821,
        "7": 795,
        "8": 770,
        "9": 823
      }
    },
    {
      "elapsed_s": 22.000013625,
      "total_lag": 9796,
      "max_partition_lag": 858,
      "committed_offset_sum": 207331,
      "end_offset_sum": 217127,
      "per_partition_lag": {
        "0": 840,
        "1": 805,
        "10": 836,
        "11": 813,
        "2": 816,
        "3": 790,
        "4": 830,
        "5": 840,
        "6": 858,
        "7": 819,
        "8": 792,
        "9": 757
      }
    }
  ],
  "lag_summary": {
    "max_total_lag": 9806,
    "final_total_lag": 9796,
    "recovery_drain_rate_msg_per_sec": 0.6249998909765815,
    "time_to_drain_s": 16.000002791,
    "sample_count": 11
  },
  "sysperf_timeline": [
    {
      "elapsed_s": 2.0000555,
      "goroutines": 291,
      "heap_alloc_mb": 47.815818786621094,
      "heap_inuse_mb": 49.8828125,
      "stack_inuse_mb": 1.6875,
      "sys_mb": 86.5842514038086,
      "num_gc": 69,
      "gc_pause_total_ms": 5.368169,
      "gc_pause_last_ms": 0.050917,
      "cpu_fraction_pct": 98.85927960499095,
      "gomaxprocs": 8
    },
    {
      "elapsed_s": 4.000072083,
      "goroutines": 468,
      "heap_alloc_mb": 68.66612243652344,