{
  "config": {
    "acks": 1,
    "batch_bytes": 65536,
    "brokers": [
      "localhost:9092"
    ],
    "compression": "zstd",
    "consumer_delay": "0s",
    "consumer_jitter": "0s",
    "consumers": 4,
    "duration_s": 15,
    "group": "bench-group-v4",
    "initial_offset": "oldest",
    "linger_ms": 5,
    "message_size": 512,
    "partitions": 12,
    "payload_mode": "json",
    "phase_delay": "0s",
    "phase_duration": "0s",
    "producers": 8,
    "target_rate": 8000,
    "topic": "bench-topic-v4",
    "warmup_s": 2
  },
  "final": {
    "elapsed_s": 15.003798667,
    "messages_sent": 119583,
    "messages_received": 119603,
    "errors": 0,
    "bytes_sent": 61226496,
    "bytes_received": 61236736,
    "avg_rate_msg_per_sec": 7970.181595612583,
    "avg_recv_rate_msg_per_sec": 7971.514591372116,
    "throughput_mb_per_sec": 3.8916902322327065,
    "ack_latency_ms": {
      "Min": 0.239,
      "Max": 84,
      "Mean": 3.9600542635658917,
      "StdDev": 4.305037894346574,
      "Variance": 18.533351271759983,
      "P50": 3.491,
      "P75": 5.135,
      "P90": 5.769,
      "P95": 7.002,
      "P99": 18.743,
      "P995": 29.437,
      "P999": 65.148,
      "P9999": 79.808,
      "MAD": 1.479,
      "Count": 119583,
      "CDFBuckets": [
        0,
        0,
        2,
        5487,
        4917,
        18344,
        60100,
        27799,
        1862,
        790,
        282,
        0,
        0,
        0,
        0,
        0,
        0,
        0,
        0,
        0,
        0,
        0,
        0
      ]
    },
    "e2e_latency_ms": {
      "Min": 0.356,
      "Max": 152.466,
      "Mean": 5.287409906106034,
      "StdDev": 9.16599397438648,
      "Variance": 84.01544553848925,
      "P50": 3.92,
      "P75": 5.574,
      "P90": 6.755,
      "P95": 9.764,
      "P99": 49.388,
      "P995": 80.835,
      "P999": 114.8,
      "P9999": 150.4,
      "MAD": 1.566,
      "Count": 119603,
      "CDFBuckets": [
        0,
        0,
        0,
        457,
        6863,
        16138,
        57379,
        32999,
        2943,
        1638,
        940,
        246,
        0,
        0,
        0,
        0,
        0,
        0,
        0,
        0,
        0,
        0,
        0
      ]
    }
  },
  "timeline": [
    {
      "elapsed_s": 15.000044833,
      "inst_rate": 7972.176172228378,
      "recv_rate": 7973.509501576567,
      "throughput_mb": 3.8926641465958878,
      "ack_p50_ms": 3.491,
      "ack_p99_ms": 18.743,
      "e2e_p50_ms": 3.92,
      "e2e_p99_ms": 49.388,
      "errors": 0
    }
  ],
  "lag_timeline": [
    {
      "elapsed_s": 2.000001376,
      "total_lag": 29,
      "max_partition_lag": 5,
      "committed_offset_sum": 15822,
      "end_offset_sum": 15851,
      "per_partition_lag": {
        "0": 0,
        "1": 4,
        "10": 3,
        "11": 2,
        "2": 3,
        "3": 1,
        "4": 2,
        "5": 3,
        "6": 5,
        "7": 2,
        "8": 2,
        "9": 2
      }
    },
    {
      "elapsed_s": 4.000001792,
      "total_lag": 7710,
      "max_partition_lag": 688,
      "committed_offset_sum": 23914,
      "end_offset_sum": 31624,
      "per_partition_lag": {
        "0": 639,
        "1": 664,
        "10": 639,
        "11": 631,
        "2": 611,
        "3": 619,
        "4": 653,
        "5": 666,
        "6": 618,
        "7": 629,
        "8": 653,
        "9": 688
      }
    },
    {
      "elapsed_s": 6.000002043,
      "total_lag": 7742,
      "max_partition_lag": 703,
      "committed_offset_sum": 39820,
      "end_offset_sum": 47562,
      "per_partition_lag": {
        "0": 610,
        "1": 647,
        "10": 657,
        "11": 666,
        "2": 643,
        "3": 648,
        "4": 610,
        "5": 703,
        "6": 678,
        "7": 580,
        "8": 661,
        "9": 639
      }
    },
    {
      "elapsed_s": 8.000016501,
      "total_lag": 7740,
      "max_partition_lag": 677,
      "committed_offset_sum": 55772,
      "end_offset_sum": 63512,
      "per_partition_lag": {
        "0": 632,
        "1": 635,
        "10": 662,
        "11": 677,
        "2": 636,
        "3": 625,
        "4": 630,
        "5": 637,
        "6": 661,
        "7": 667,
        "8": 645,
        "9": 633
      }
    },
    {
      "elapsed_s": 10.000019334,
      "total_lag": 7804,
      "max_partition_lag": 689,
      "committed_offset_sum": 71716,
      "end_offset_sum": 79520,
      "per_partition_lag": {
        "0": 652,
        "1": 655,
        "10": 650,
        "11": 662,
        "2": 686,
        "3": 623,
        "4": 628,
        "5": 689,
        "6": 629,
        "7": 678,
        "8": 609,
        "9": 643
      }
    },
    {
      "elapsed_s": 12.000001459,
      "total_lag": 7779,
      "max_partition_lag": 714,
      "committed_offset_sum": 87639,
      "end_offset_sum": 95418,
      "per_partition_lag": {
        "0": 674,
        "1": 661,
        "10": 653,
        "11": 714,
        "2": 631,
        "3": 648,
        "4": 621,
        "5": 622,
        "6": 646,
        "7": 659,
        "8": 622,
        "9": 628
      }
    },
    {
      "elapsed_s": 14.000018709,
      "total_lag": 7735,
      "max_partition_lag": 684,
      "committed_offset_sum": 103660,
      "end_offset_sum": 111395,
      "per_partition_lag": {
        "0": 639,
        "1": 644,
        "10": 621,
        "11": 602,
        "2": 677,
        "3": 647,
        "4": 684,
        "5": 617,
        "6": 653,
        "7": 628,
        "8": 681,
        "9": 642
      }
    },
    {
      "elapsed_s": 16.000001543,
      "total_lag": 7762,
      "max_partition_lag": 711,
      "committed_offset_sum": 119636,
      "end_offset_sum": 127398,
      "per_partition_lag": {
        "0": 649,
        "1": 690,
        "10": 641,
        "11": 623,
        "2": 629,
        "3": 613,
        "4": 613,
        "5": 711,
        "6": 640,
        "7": 667,
        "8": 660,
        "9": 626
      }
    }
  ],
  "lag_summary": {
    "max_total_lag": 7804,
    "final_total_lag": 7762,
    "recovery_drain_rate_msg_per_sec": 7.000020756228212,
    "time_to_drain_s": 5.999982209000001,
    "sample_count": 8
  },
  "sysperf_timeline": [
    {
      "elapsed_s": 2.000032126,
      "goroutines": 281,
      "heap_alloc_mb": 43.82740020751953,
      "heap_inuse_mb": 46.21875,
      "stack_inuse_mb": 1.71875,
      "sys_mb": 82.3342514038086,
      "num_gc": 84,
      "gc_pause_total_ms": 6.686791,
      "gc_pause_last_ms": 0.085249,
      "cpu_fraction_pct": 99.9436800046681,
      "gomaxprocs": 8
    },
    {
      "elapsed_s": 4.000060959,
      "goroutines": 468,
      "heap_alloc_mb": 44.24943542480469,
      "heap_inuse_mb": 46.9453125,
      "stack_inuse_mb": 2.21875,
      "sys_mb": 94.3342514038086,
      "num_gc": 150,
      "gc_pause_total_ms": 11.188919,
      "gc_pause_last_ms": 0.10925,
      "cpu_fraction_pct": 100.53578812581048,
      "gomaxprocs": 8
    },
    {
      "elapsed_s": 6.000054292,
      "goroutines": 468,
      "heap_alloc_mb": 61.002784729003906,
      "heap_inuse_mb": 63.40625,
      "stack_inuse_mb": 2.21875,
      "sys_mb": 94.5842514038086,
      "num_gc": 215,
      "gc_pause_total_ms": 15.800542,
      "gc_pause_last_ms": 0.081125,
      "cpu_fraction_pct": 98.90137553773532,
      "gomaxprocs": 8
    },
    {
      "elapsed_s": 8.000057083,
      "goroutines": 468,
      "heap_alloc_mb": 41.15814208984375,
      "heap_inuse_mb": 44.0625,
      "stack_inuse_mb": 2.21875,
      "sys_mb": 94.5842514038086,
      "num_gc": 286,
      "gc_pause_total_ms": 20.619921,
      "gc_pause_last_ms": 0.064459,
      "cpu_fraction_pct": 101.12071723603913,
      "gomaxprocs": 8
    },
    {
      "elapsed_s": 10.000056959,
      "goroutines": 468,
      "heap_alloc_mb": 56.588401794433594,
      "heap_inuse_mb": 59.0390625,
      "stack_inuse_mb": 2.21875,
      "sys_mb": 94.5842514038086,
      "num_gc": 349,
      "gc_pause_total_ms": 25.538712,
      "gc_pause_last_ms": 0.073833,