{
  "config": {
    "acks": 1,
    "batch_bytes": 65536,
    "brokers": [
      "localhost:9092"
    ],
    "compression": "none",
    "consumer_delay": "0s",
    "consumer_jitter": "0s",
    "consumers": 4,
    "duration_s": 20,
    "group": "bench-group-v4",
    "initial_offset": "oldest",
    "linger_ms": 5,
    "message_size": 512,
    "partitions": 12,
    "payload_mode": "mixed",
    "phase_delay": "0s",
    "phase_duration": "0s",
    "producers": 8,
    "target_rate": 10000,
    "topic": "bench-topic-v4",
    "warmup_s": 3
  },
  "final": {
    "elapsed_s": 20.009276333,
    "messages_sent": 194646,
    "messages_received": 194680,
    "errors": 0,
    "bytes_sent": 99658752,
    "bytes_received": 99676160,
    "avg_rate_msg_per_sec": 9727.788089916226,
    "avg_recv_rate_msg_per_sec": 9729.487301793464,
    "throughput_mb_per_sec": 4.7498965282794074,
    "ack_latency_ms": {
      "Min": 0.267,
      "Max": 43.877,
      "Mean": 3.5828029756583746,
      "StdDev": 2.430098566124478,
      "Variance": 5.905379041080244,
      "P50": 3.351,
      "P75": 4.858,
      "P90": 5.687,
      "P95": 6.169,
      "P99": 11.128,
      "P995": 14.663,
      "P999": 30.88,
      "P9999": 40.638,
      "MAD": 1.472,
      "Count": 194646,
      "CDFBuckets": [
        0,
        0,
        0,
        854,
        18665,
        29513,
        101852,
        41161,
        2116,
        485,
        0,
        0,
        0,
        0,
        0,
        0,
        0,
        0,
        0,
        0,
        0,
        0,
        0
      ]
    },
    "e2e_latency_ms": {
      "Min": 0.402,
      "Max": 147.024,
      "Mean": 4.513584502773782,
      "StdDev": 5.972800919001804,
      "Variance": 35.67435081802879,
      "P50": 3.959,
      "P75": 5.502,
      "P90": 6.426,
      "P95": 7.589,
      "P99": 17.85,
      "P995": 37.841,
      "P999": 101.539,
      "P9999": 144.624,
      "MAD": 1.538,
      "Count": 194680,
      "CDFBuckets": [
        0,
        0,
        0,
        21,
        8055,
        27248,
        96595,
        57364,
        3690,
        1004,
        493,
        210,
        0,
        0,
        0,
        0,
        0,
        0,
        0,
        0,
        0,
        0,
        0
      ]
    }
  },
  "timeline": [
    {
      "elapsed_s": 20.003495083,
      "inst_rate": 9730.59953734886,
      "recv_rate": 9732.299240318713,
      "throughput_mb": 4.751269305346123,
      "ack_p50_ms": 3.351,
      "ack_p99_ms": 11.128,
      "e2e_p50_ms": 3.959,
      "e2e_p99_ms": 17.85,
      "errors": 0
    }
  ],
  "lag_timeline": [
    {
      "elapsed_s": 2.000004167,
      "total_lag": 9509,
      "max_partition_lag": 815,
      "committed_offset_sum": 10008,
      "end_offset_sum": 19517,
      "per_partition_lag": {
        "0": 798,
        "1": 813,
        "10": 808,
        "11": 773,
        "2": 756,
        "3": 815,
        "4": 783,
        "5": 776,
        "6": 788,
        "7": 797,
        "8": 808,
        "9": 794
      }
    },
    {
      "elapsed_s": 4.000004458,
      "total_lag": 9443,
      "max_partition_lag": 839,
      "committed_offset_sum": 29102,
      "end_offset_sum": 38545,
      "per_partition_lag": {
        "0": 773,
        "1": 824,
        "10": 750,
        "11": 839,
        "2": 731,
        "3": 769,
        "4": 815,
        "5": 800,
        "6": 839,
        "7": 793,
        "8": 705,
        "9": 805
      }
    },
    {
      "elapsed_s": 6.000001958,
      "total_lag": 9409,
      "max_partition_lag": 827,
      "committed_offset_sum": 48447,
      "end_offset_sum": 57856,
      "per_partition_lag": {
        "0": 796,
        "1": 766,
        "10": 744,
        "11": 786,
        "2": 791,
        "3": 760,
        "4": 806,
        "5": 753,
        "6": 816,
        "7": 827,
        "8": 827,
        "9": 737
      }
    },
    {
      "elapsed_s": 8.000003583,
      "total_lag": 9408,
      "max_partition_lag": 848,
      "committed_offset_sum": 67975,
      "end_offset_sum": 77383,
      "per_partition_lag": {
        "0": 758,
        "1": 799,
        "10": 848,
        "11": 751,
        "2": 754,
        "3": 776,
        "4": 769,
        "5": 794,
        "6": 810,
        "7": 828,
        "8": 769,
        "9": 752
      }
    },
    {
      "elapsed_s": 10.000001958,
      "total_lag": 9470,
      "max_partition_lag": 828,
      "committed_offset_sum": 87448,
      "end_offset_sum": 96918,
      "per_partition_lag": {
        "0": 771,
        "1": 810,
        "10": 791,
        "11": 806,
        "2": 783,
        "3": 746,
        "4": 828,
        "5": 779,
        "6": 815,
        "7": 792,
        "8": 805,
        "9": 744
      }
    },
    {
      "elapsed_s": 12.000004166,
      "total_lag": 9256,
      "max_partition_lag": 838,
      "committed_offset_sum": 106935,
      "end_offset_sum": 116191,
      "per_partition_lag": {
        "0": 825,
        "1": 748,
        "10": 756,
        "11": 760,
        "2": 748,
        "3": 838,
        "4": 752,
        "5": 779,
        "6": 769,
        "7": 718,
        "8": 784,
        "9": 779
      }
    },
    {
      "elapsed_s": 14.000003125,
      "total_lag": 9506,
      "max_partition_lag": 838,
      "committed_offset_sum": 126157,
      "end_offset_sum": 135663,
      "per_partition_lag": {
        "0": 820,
        "1": 838,
        "10": 774,
        "11": 774,
        "2": 834,
        "3": 774,
        "4": 798,
        "5": 790,
        "6": 789,
        "7": 765,
        "8": 791,
        "9": 759
      }
    },
    {
      "elapsed_s": 16.000002,
      "total_lag": 9499,
      "max_partition_lag": 853,
      "committed_offset_sum": 145781,
      "end_offset_sum": 155280,
      "per_partition_lag": {
        "0": 840,
        "1": 853,
        "10": 800,
        "11": 820,
        "2": 756,
        "3": 809,
        "4": 747,
        "5": 803,
        "6": 752,
        "7": 814,
        "8": 782,
        "9": 723
      }
    },
    {
      "elapsed_s": 18.000002708,
      "total_lag": 9472,
      "max_partition_lag": 843,
      "committed_offset_sum": 165401,
      "end_offset_sum": 174873,
      "per_partition_lag": {
        "0": 794,
        "1": 831,
        "10": 785,
        "11": 799,
        "2": 783,
        "3": 753,
        "4": 843,
        "5": 778,
        "6": 800,
        "7": 737,
        "8": 746,
        "9": 823
      }
    },
    {
      "elapsed_s": 20.000002125,
      "total_lag": 9658,
      "max_partition_lag": 863,
      "committed_offset_sum": 184897,
      "end_offset_sum": 194555,
      "per_partition_lag": {
        "0": 842,
        "1": 789,
        "10": 825,
        "11": 782,
        "2": 857,
        "3": 757,
        "4": 811,
        "5": 798,
        "6": 776,
        "7": 765,
        "8": 863,
        "9": 793
      }
    },
    {
      "elapsed_s": 22.000002708,
      "total_lag": 9443,
      "max_partition_lag": 826,
      "committed_offset_sum": 204563,
      "end_offset_sum": 214006,
      "per_partition_lag": {
        "0": 786,
        "1": 825,
        "10": 792,
        "11": 826,
        "2": 788,
        "3": 771,
        "4": 761,
        "5": 771,
        "6": 744,
        "7": 823,
        "8": 787,
        "9": 769
      }
    }
  ],
  "lag_summary": {
    "max_total_lag": 9658,
    "final_total_lag": 9443,
    "recovery_drain_rate_msg_per_sec": 107.49996866375922,
    "time_to_drain_s": 2.0000005829999985,
    "sample_count": 11
  },
  "sysperf_timeline": [
    {
      "elapsed_s": 2.000001167,
      "goroutines": 291,
      "heap_alloc_mb": 44.766517639160156,
      "heap_inuse_mb": 48.96875,
      "stack_inuse_mb": 1.5625,
      "sys_mb": 74.7561264038086,
      "num_gc": 8,
      "gc_pause_total_ms": 0.571499,
      "gc_pause_last_ms": 0.077541,
      "cpu_fraction_pct": 77.52968181143063,
      "gomaxprocs": 8
    },
    {
      "elapsed_s": 4.000039667,
      "goroutines": 468,
      "heap_alloc_mb": 55.77714538574219,