{
  "config": {
    "acks": 1,
    "batch_bytes": 65536,
    "brokers": [
      "localhost:9092"
    ],
    "compression": "snappy",
    "consumer_delay": "0s",
    "consumer_jitter": "0s",
    "consumers": 4,
    "duration_s": 20,
    "group": "bench-group-v4",
    "initial_offset": "oldest",
    "linger_ms": 5,
    "message_size": 512,
    "partitions": 12,
    "payload_mode": "mixed",
    "phase_delay": "0s",
    "phase_duration": "0s",
    "producers": 8,
    "target_rate": 10000,
    "topic": "bench-topic-v4",
    "warmup_s": 3
  },
  "final": {
    "elapsed_s": 20.006826166,
    "messages_sent": 194542,
    "messages_received": 194564,
    "errors": 0,
    "bytes_sent": 99605504,
    "bytes_received": 99616768,
    "avg_rate_msg_per_sec": 9723.781192771523,
    "avg_recv_rate_msg_per_sec": 9724.88081746049,
    "throughput_mb_per_sec": 4.74794003553297,
    "ack_latency_ms": {
      "Min": 0.291,
      "Max": 69.376,
      "Mean": 4.309015343730403,
      "StdDev": 4.831542643656344,
      "Variance": 23.343804317469733,
      "P50": 3.627,
      "P75": 5.116,
      "P90": 6.053,
      "P95": 9.485,
      "P99": 29.506,
      "P995": 37.999,
      "P999": 53.105,
      "P9999": 63.326,
      "MAD": 1.514,
      "Count": 194542,
      "CDFBuckets": [
        0,
        0,
        0,
        799,
        17389,
        28047,
        96876,
        42358,
        5712,
        3057,
        304,
        0,
        0,
        0,
        0,
        0,
        0,
        0,
        0,
        0,
        0,
        0,
        0
      ]
    },
    "e2e_latency_ms": {
      "Min": 0.403,
      "Max": 158.861,
      "Mean": 6.302319586357188,
      "StdDev": 11.811462431748613,
      "Variance": 139.51064477660884,
      "P50": 4.125,
      "P75": 5.724,
      "P90": 7.694,
      "P95": 15.918,
      "P99": 74.377,
      "P995": 95.358,
      "P999": 121.776,
      "P9999": 155.129,
      "MAD": 1.607,
      "Count": 194564,
      "CDFBuckets": [
        0,
        0,
        0,
        18,
        7575,
        25507,
        90894,
        55769,
        7001,
        4218,
        2771,
        811,
        0,
        0,
        0,
        0,
        0,
        0,
        0,
        0,
        0,
        0,
        0
      ]
    }
  },
  "timeline": [
    {
      "elapsed_s": 20.00009425,
      "inst_rate": 9727.054161257265,
      "recv_rate": 9728.154156073539,
      "throughput_mb": 4.749538164676399,
      "ack_p50_ms": 3.627,
      "ack_p99_ms": 29.506,
      "e2e_p50_ms": 4.125,
      "e2e_p99_ms": 74.377,
      "errors": 0
    }
  ],
  "lag_timeline": [
    {
      "elapsed_s": 2.000000625,
      "total_lag": 9804,
      "max_partition_lag": 870,
      "committed_offset_sum": 10059,
      "end_offset_sum": 19863,
      "per_partition_lag": {
        "0": 836,
        "1": 808,
        "10": 805,
        "11": 753,
        "2": 820,
        "3": 819,
        "4": 822,
        "5": 813,
        "6": 813,
        "7": 870,
        "8": 845,
        "9": 800
      }
    },
    {
      "elapsed_s": 4.000002459,
      "total_lag": 9568,
      "max_partition_lag": 864,
      "committed_offset_sum": 29822,
      "end_offset_sum": 39390,
      "per_partition_lag": {
        "0": 812,
        "1": 769,
        "10": 778,
        "11": 770,
        "2": 793,
        "3": 840,
        "4": 772,
        "5": 795,
        "6": 809,
        "7": 771,
        "8": 795,
        "9": 864
      }
    },
    {
      "elapsed_s": 6.000016958,
      "total_lag": 9115,
      "max_partition_lag": 799,
      "committed_offset_sum": 49588,
      "end_offset_sum": 58703,
      "per_partition_lag": {
        "0": 733,
        "1": 716,
        "10": 762,
        "11": 799,
        "2": 773,
        "3": 773,
        "4": 747,
        "5": 779,
        "6": 761,
        "7": 732,
        "8": 761,
        "9": 779
      }
    },
    {
      "elapsed_s": 8.000009125,
      "total_lag": 9343,
      "max_partition_lag": 819,
      "committed_offset_sum": 68840,
      "end_offset_sum": 78183,
      "per_partition_lag": {
        "0": 765,
        "1": 804,
        "10": 819,
        "11": 746,
        "2": 779,
        "3": 809,
        "4": 815,
        "5": 800,
        "6": 779,
        "7": 770,
        "8": 752,
        "9": 705
      }
    },
    {
      "elapsed_s": 10.000001375,
      "total_lag": 9161,
      "max_partition_lag": 806,
      "committed_offset_sum": 88115,
      "end_offset_sum": 97276,
      "per_partition_lag": {
        "0": 731,
        "1": 806,
        "10": 776,
        "11": 758,
        "2": 692,
        "3": 797,
        "4": 754,
        "5": 788,
        "6": 780,
        "7": 757,
        "8": 770,
        "9": 752
      }
    },
    {
      "elapsed_s": 12.000000708,
      "total_lag": 9435,
      "max_partition_lag": 829,
      "committed_offset_sum": 107247,
      "end_offset_sum": 116682,
      "per_partition_lag": {
        "0": 815,
        "1": 744,
        "10": 771,
        "11": 776,
        "2": 749,
        "3": 801,
        "4": 784,
        "5": 829,
        "6": 786,
        "7": 802,
        "8": 760,
        "9": 818
      }
    },
    {
      "elapsed_s": 14.000000417,
      "total_lag": 9218,
      "max_partition_lag": 823,
      "committed_offset_sum": 126339,
      "end_offset_sum": 135557,
      "per_partition_lag": {
        "0": 774,
        "1": 803,
        "10": 780,
        "11": 756,
        "2": 762,
        "3": 741,
        "4": 757,
        "5": 764,
        "6": 735,
        "7": 753,
        "8": 770,
        "9": 823
      }
    },
    {
      "elapsed_s": 16.00002025,
      "total_lag": 9540,
      "max_partition_lag": 854,
      "committed_offset_sum": 145900,
      "end_offset_sum": 155440,
      "per_partition_lag": {
        "0": 797,
        "1": 801,
        "10": 828,
        "11": 854,
        "2": 805,
        "3": 805,
        "4": 760,
        "5": 759,
        "6": 789,
        "7": 797,
        "8": 752,
        "9": 793
      }
    },
    {
      "elapsed_s": 18.0000015,
      "total_lag": 9362,
      "max_partition_lag": 839,
      "committed_offset_sum": 165520,
      "end_offset_sum": 174882,
      "per_partition_lag": {
        "0": 717,
        "1": 726,
        "10": 758,
        "11": 798,
        "2": 839,
        "3": 791,
        "4": 789,
        "5": 743,
        "6": 796,
        "7": 789,
        "8": 794,
        "9": 822
      }
    },
    {
      "elapsed_s": 20.000000792,
      "total_lag": 9587,
      "max_partition_lag": 849,
      "committed_offset_sum": 184938,
      "end_offset_sum": 194525,
      "per_partition_lag": {
        "0": 793,
        "1": 750,
        "10": 836,
        "11": 759,
        "2": 803,
        "3": 761,
        "4": 804,
        "5": 843,
        "6": 791,
        "7": 821,
        "8": 777,
        "9": 849
      }
    },
    {
      "elapsed_s": 22.000018,
      "total_lag": 9426,
      "max_partition_lag": 840,
      "committed_offset_sum": 204836,
      "end_offset_sum": 214262,
      "per_partition_lag": {
        "0": 779,
        "1": 806,
        "10": 730,
        "11": 786,
        "2": 733,
        "3": 771,
        "4": 741,
        "5": 839,
        "6": 840,
        "7": 830,
        "8": 798,
        "9": 773
      }
    }
  ],
  "lag_summary": {
    "max_total_lag": 9804,
    "final_total_lag": 9426,
    "recovery_drain_rate_msg_per_sec": 18.899983580639265,
    "time_to_drain_s": 20.000017375,
    "sample_count": 11
  },
  "sysperf_timeline": [
    {
      "elapsed_s": 2.000001,
      "goroutines": 291,
      "heap_alloc_mb": 40.50956726074219,
      "heap_inuse_mb": 43.46875,
      "stack_inuse_mb": 2.1875,
      "sys_mb": 75.0061264038086,
      "num_gc": 11,
      "gc_pause_total_ms": 0.531333,
      "gc_pause_last_ms": 0.072209,
      "cpu_fraction_pct": 88.52919743540129,
      "gomaxprocs": 8
    },
    {
      "elapsed_s": 4.000003792,
      "goroutines": 468,
      "heap_alloc_mb": 55.941444396972656,