{
  "config": {
    "acks": 1,
    "batch_bytes": 65536,
    "brokers": [
      "localhost:9092"
    ],
    "compression": "snappy",
    "consumer_delay": "0s",
    "consumer_jitter": "0s",
    "consumers": 4,
    "duration_s": 15,
    "group": "bench-group-v4",
    "initial_offset": "oldest",
    "linger_ms": 5,
    "message_size": 64,
    "partitions": 12,
    "payload_mode": "mixed",
    "phase_delay": "0s",
    "phase_duration": "0s",
    "producers": 8,
    "target_rate": 8000,
    "topic": "bench-topic-v4",
    "warmup_s": 2
  },
  "final": {
    "elapsed_s": 15.004691166,
    "messages_sent": 118812,
    "messages_received": 118838,
    "errors": 0,
    "bytes_sent": 7603968,
    "bytes_received": 7605632,
    "avg_rate_msg_per_sec": 7918.3235886402645,
    "avg_recv_rate_msg_per_sec": 7920.056380052787,
    "throughput_mb_per_sec": 0.48329611747071927,
    "ack_latency_ms": {
      "Min": 0.221,
      "Max": 85.437,
      "Mean": 3.5345975406524595,
      "StdDev": 4.163186490440731,
      "Variance": 17.33212175418821,
      "P50": 3.368,
      "P75": 4.554,
      "P90": 5.463,
      "P95": 5.599,
      "P99": 9.772,
      "P995": 33.578,
      "P999": 66.296,
      "P9999": 81.544,
      "MAD": 1.294,
      "Count": 118812,
      "CDFBuckets": [
        0,
        0,
        12,
        7093,
        5257,
        20552,
        62251,
        22478,
        307,
        604,
        258,
        0,
        0,
        0,
        0,
        0,
        0,
        0,
        0,
        0,
        0,
        0,
        0
      ]
    },
    "e2e_latency_ms": {
      "Min": 0.323,
      "Max": 134.021,
      "Mean": 4.361483128292297,
      "StdDev": 7.429041954923316,
      "Variance": 55.19066436801085,
      "P50": 3.64,
      "P75": 4.915,
      "P90": 5.778,
      "P95": 6.14,
      "P99": 41.287,
      "P995": 65.028,
      "P999": 102.907,
      "P9999": 131.291,
      "MAD": 1.38,
      "Count": 118838,
      "CDFBuckets": [
        0,
        0,
        0,
        401,
        9535,
        19200,
        61323,
        26189,
        489,
        727,
        832,
        142,
        0,
        0,
        0,
        0,
        0,
        0,
        0,
        0,
        0,
        0,
        0
      ]
    }
  },
  "timeline": [],
  "lag_timeline": [
    {
      "elapsed_s": 2.000002041,
      "total_lag": 14,
      "max_partition_lag": 4,
      "committed_offset_sum": 15664,
      "end_offset_sum": 15678,
      "per_partition_lag": {
        "0": 0,
        "1": 0,
        "10": 0,
        "11": 4,
        "2": 0,
        "3": 1,
        "4": 1,
        "5": 1,
        "6": 3,
        "7": 3,
        "8": 0,
        "9": 1
      }
    },
    {
      "elapsed_s": 4.000001375,
      "total_lag": 7710,
      "max_partition_lag": 674,
      "committed_offset_sum": 23530,
      "end_offset_sum": 31240,
      "per_partition_lag": {
        "0": 655,
        "1": 674,
        "10": 668,
        "11": 632,
        "2": 654,
        "3": 661,
        "4": 634,
        "5": 637,
        "6": 643,
        "7": 620,
        "8": 602,
        "9": 630
      }
    },
    {
      "elapsed_s": 6.000014707,
      "total_lag": 7796,
      "max_partition_lag": 678,
      "committed_offset_sum": 39382,
      "end_offset_sum": 47178,
      "per_partition_lag": {
        "0": 645,
        "1": 638,
        "10": 624,
        "11": 678,
        "2": 677,
        "3": 622,
        "4": 650,
        "5": 678,
        "6": 645,
        "7": 651,
        "8": 640,
        "9": 648
      }
    },
    {
      "elapsed_s": 8.000001666,
      "total_lag": 7768,
      "max_partition_lag": 691,
      "committed_offset_sum": 55161,
      "end_offset_sum": 62929,
      "per_partition_lag": {
        "0": 612,
        "1": 650,
        "10": 654,
        "11": 656,
        "2": 614,
        "3": 691,
        "4": 682,
        "5": 626,
        "6": 683,
        "7": 626,
        "8": 668,
        "9": 606
      }
    },
    {
      "elapsed_s": 10.000015332,
      "total_lag": 7823,
      "max_partition_lag": 673,
      "committed_offset_sum": 71054,
      "end_offset_sum": 78877,
      "per_partition_lag": {
        "0": 647,
        "1": 670,
        "10": 660,
        "11": 673,
        "2": 658,
        "3": 656,
        "4": 633,
        "5": 644,
        "6": 673,
        "7": 651,
        "8": 648,
        "9": 610
      }
    },
    {
      "elapsed_s": 12.000003541,
      "total_lag": 7838,
      "max_partition_lag": 679,
      "committed_offset_sum": 87033,
      "end_offset_sum": 94871,
      "per_partition_lag": {
        "0": 647,
        "1": 659,
        "10": 629,
        "11": 679,
        "2": 675,
        "3": 637,
        "4": 625,
        "5": 672,
        "6": 661,
        "7": 623,
        "8": 654,
        "9": 677
      }
    },
    {
      "elapsed_s": 14.000016249,
      "total_lag": 7845,
      "max_partition_lag": 707,
      "committed_offset_sum": 102969,
      "end_offset_sum": 110814,
      "per_partition_lag": {
        "0": 707,
        "1": 655,
        "10": 606,
        "11": 652,
        "2": 671,
        "3": 644,
        "4": 656,
        "5": 636,
        "6": 636,
        "7": 646,
        "8": 682,
        "9": 654
      }
    },
    {
      "elapsed_s": 16.00001525,
      "total_lag": 7740,
      "max_partition_lag": 683,
      "committed_offset_sum": 118856,
      "end_offset_sum": 126596,
      "per_partition_lag": {
        "0": 596,
        "1": 637,
        "10": 670,
        "11": 683,
        "2": 646,
        "3": 673,
        "4": 631,
        "5": 620,
        "6": 628,
        "7": 650,
        "8": 624,
        "9": 682
      }
    }
  ],
  "lag_summary": {
    "max_total_lag": 7845,
    "final_total_lag": 7740,
    "recovery_drain_rate_msg_per_sec": 52.50002622376308,
    "time_to_drain_s": 1.9999990010000008,
    "sample_count": 8
  },
  "sysperf_timeline": [
    {
      "elapsed_s": 2.000018625,
      "goroutines": 271,
      "heap_alloc_mb": 32.99571228027344,
      "heap_inuse_mb": 35.296875,
      "stack_inuse_mb": 2.125,
      "sys_mb": 66.8342514038086,
      "num_gc": 7,
      "gc_pause_total_ms": 0.553168,
      "gc_pause_last_ms": 0.086125,
      "cpu_fraction_pct": 86.38814966035629,
      "gomaxprocs": 8
    },
    {
      "elapsed_s": 4.000019166,
      "goroutines": 468,
      "heap_alloc_mb": 54.089630126953125,
      "heap_inuse_mb": 57.5859375,
      "stack_inuse_mb": 2.6875,
      "sys_mb": 79.1467514038086,
      "num_gc": 9,
      "gc_pause_total_ms": 0.702836,
      "gc_pause_last_ms": 0.071209,
      "cpu_fraction_pct": 73.03129069503589,
      "gomaxprocs": 8
    },
    {
      "elapsed_s": 6.000032333,
      "goroutines": 468,
      "heap_alloc_mb": 49.65363311767578,
      "heap_inuse_mb": 52.7890625,
      "stack_inuse_mb": 2.59375,
      "sys_mb": 83.2717514038086,
      "num_gc": 11,
      "gc_pause_total_ms": 0.96192,
      "gc_pause_last_ms": 0.155917,
      "cpu_fraction_pct": 109.14052937332484,
      "gomaxprocs": 8
    },
    {
      "elapsed_s": 8.000019458,
      "goroutines": 468,
      "heap_alloc_mb": 44.45000457763672,
      "heap_inuse_mb": 47.5,
      "stack_inuse_mb": 2.59375,
      "sys_mb": 83.4592514038086,
      "num_gc": 13,
      "gc_pause_total_ms": 1.140336,
      "gc_pause_last_ms": 0.083083,
      "cpu_fraction_pct": 109.60013890089415,
      "gomaxprocs": 8
    },
    {
      "elapsed_s": 10.000032333,
      "goroutines": 468,
      "heap_alloc_mb": 40.63695526123047,
      "heap_inuse_mb": 44,
      "stack_inuse_mb": 2.59375,
      "sys_mb": 83.4592514038086,
      "num_gc": 15,
      "gc_pause_total_ms": 1.276045,
      "gc_pause_last_ms": 0.053667,
      "cpu_fraction_pct": 107.71749406863194,
      "gomaxprocs": 8
    },
    {
      "elapsed_s": 12.000018583,
      "goroutines": 468,
      "heap_alloc_mb": 37.38031768798828,
      "heap_inuse_mb": 41.6171875,
      "stack_inuse_mb": 2.59375,
      "sys_mb": 83.4592514038086,
      "num_gc": 17,