{
  "config": {
    "acks": 1,
    "batch_bytes": 65536,
    "brokers": [
      "localhost:9092"
    ],
    "compression": "zstd",
    "consumer_delay": "0s",
    "consumer_jitter": "0s",
    "consumers": 4,
    "duration_s": 15,
    "group": "bench-group-v4",
    "initial_offset": "oldest",
    "linger_ms": 5,
    "message_size": 512,
    "partitions": 12,
    "payload_mode": "zeros",
    "phase_delay": "0s",
    "phase_duration": "0s",
    "producers": 8,
    "target_rate": 8000,
    "topic": "bench-topic-v4",
    "warmup_s": 2
  },
  "final": {
    "elapsed_s": 15.025866542,
    "messages_sent": 119070,
    "messages_received": 119100,
    "errors": 0,
    "bytes_sent": 60963840,
    "bytes_received": 60979200,
    "avg_rate_msg_per_sec": 7924.3349904099,
    "avg_recv_rate_msg_per_sec": 7926.331547474755,
    "throughput_mb_per_sec": 3.8693041945360838,
    "ack_latency_ms": {
      "Min": 0.236,
      "Max": 75.238,
      "Mean": 4.558188561350466,
      "StdDev": 4.522906514567611,
      "Variance": 20.456683339518133,
      "P50": 3.809,
      "P75": 5.418,
      "P90": 7.288,
      "P95": 10.673,
      "P99": 24.684,
      "P995": 34.451,
      "P999": 49.789,
      "P9999": 65.144,
      "MAD": 1.553,
      "Count": 119070,
      "CDFBuckets": [
        0,
        0,
        15,
        4801,
        4035,
        16121,
        55591,
        31865,
        4878,
        1649,
        115,
        0,
        0,
        0,
        0,
        0,
        0,
        0,
        0,
        0,
        0,
        0,
        0
      ]
    },
    "e2e_latency_ms": {
      "Min": 0.359,
      "Max": 141.077,
      "Mean": 6.199094416456759,
      "StdDev": 8.467149139049063,
      "Variance": 71.69261454289929,
      "P50": 4.56,
      "P75": 6.1,
      "P90": 10.484,
      "P95": 17.384,
      "P99": 45.201,
      "P995": 60.428,
      "P999": 102.289,
      "P9999": 137.971,
      "MAD": 1.737,
      "Count": 119100,
      "CDFBuckets": [
        0,
        0,
        0,
        408,
        5429,
        13126,
        50522,
        36962,
        7912,
        3789,
        810,
        142,
        0,
        0,
        0,
        0,
        0,
        0,
        0,
        0,
        0,
        0,
        0
      ]
    }
  },
  "timeline": [],
  "lag_timeline": [
    {
      "elapsed_s": 2.000000792,
      "total_lag": 20,
      "max_partition_lag": 4,
      "committed_offset_sum": 15631,
      "end_offset_sum": 15651,
      "per_partition_lag": {
        "0": 1,
        "1": 0,
        "10": 3,
        "11": 4,
        "2": 0,
        "3": 1,
        "4": 1,
        "5": 2,
        "6": 2,
        "7": 2,
        "8": 1,
        "9": 3
      }
    },
    {
      "elapsed_s": 4.000000584,
      "total_lag": 7793,
      "max_partition_lag": 690,
      "committed_offset_sum": 23574,
      "end_offset_sum": 31367,
      "per_partition_lag": {
        "0": 648,
        "1": 621,
        "10": 670,
        "11": 665,
        "2": 637,
        "3": 624,
        "4": 612,
        "5": 653,
        "6": 690,
        "7": 654,
        "8": 676,
        "9": 643
      }
    },
    {
      "elapsed_s": 6.000001041,
      "total_lag": 7793,
      "max_partition_lag": 711,
      "committed_offset_sum": 39477,
      "end_offset_sum": 47270,
      "per_partition_lag": {
        "0": 618,
        "1": 667,
        "10": 644,
        "11": 648,
        "2": 654,
        "3": 711,
        "4": 626,
        "5": 624,
        "6": 676,
        "7": 647,
        "8": 653,
        "9": 625
      }
    },
    {
      "elapsed_s": 8.000000708,
      "total_lag": 54,
      "max_partition_lag": 13,
      "committed_offset_sum": 63191,
      "end_offset_sum": 63218,
      "per_partition_lag": {
        "0": 0,
        "1": 0,
        "10": 13,
        "11": 7,
        "2": 0,
        "3": 1,
        "4": 2,
        "5": 3,
        "6": 5,
        "7": 9,
        "8": 7,
        "9": 7
      }
    },
    {
      "elapsed_s": 10.000003542,
      "total_lag": 7819,
      "max_partition_lag": 712,
      "committed_offset_sum": 71181,
      "end_offset_sum": 79000,
      "per_partition_lag": {
        "0": 619,
        "1": 676,
        "10": 676,
        "11": 660,
        "2": 643,
        "3": 634,
        "4": 626,
        "5": 625,
        "6": 619,
        "7": 688,
        "8": 641,
        "9": 712
      }
    },
    {
      "elapsed_s": 12.000001041,
      "total_lag": 7802,
      "max_partition_lag": 692,
      "committed_offset_sum": 87015,
      "end_offset_sum": 94817,
      "per_partition_lag": {
        "0": 692,
        "1": 617,
        "10": 643,
        "11": 685,
        "2": 625,
        "3": 640,
        "4": 662,
        "5": 667,
        "6": 623,
        "7": 673,
        "8": 652,
        "9": 623
      }
    },
    {
      "elapsed_s": 14.000000542,
      "total_lag": 7815,
      "max_partition_lag": 690,
      "committed_offset_sum": 102944,
      "end_offset_sum": 110759,
      "per_partition_lag": {
        "0": 626,
        "1": 645,
        "10": 616,
        "11": 690,
        "2": 689,
        "3": 664,
        "4": 604,
        "5": 680,
        "6": 661,
        "7": 646,
        "8": 626,
        "9": 668
      }
    },
    {
      "elapsed_s": 16.000000833,
      "total_lag": 7839,
      "max_partition_lag": 704,
      "committed_offset_sum": 118893,
      "end_offset_sum": 126732,
      "per_partition_lag": {
        "0": 633,
        "1": 641,
        "10": 635,
        "11": 642,
        "2": 665,
        "3": 662,
        "4": 639,
        "5": 664,
        "6": 691,
        "7": 616,
        "8": 647,
        "9": 704
      }
    }
  ],
  "lag_summary": {
    "max_total_lag": 7839,
    "final_total_lag": 7839,
    "recovery_drain_rate_msg_per_sec": 0,
    "time_to_drain_s": 0,
    "sample_count": 8
  },
  "sysperf_timeline": [
    {
      "elapsed_s": 2.000002959,
      "goroutines": 291,
      "heap_alloc_mb": 48.54759979248047,
      "heap_inuse_mb": 50.6953125,
      "stack_inuse_mb": 1.84375,
      "sys_mb": 82.3342514038086,
      "num_gc": 72,
      "gc_pause_total_ms": 4.923117,
      "gc_pause_last_ms": 0.04225,
      "cpu_fraction_pct": 99.50415693359979,
      "gomaxprocs": 8
    },
    {
      "elapsed_s": 4.00001425,
      "goroutines": 446,
      "heap_alloc_mb": 53.31982421875,
      "heap_inuse_mb": 55.8671875,
      "stack_inuse_mb": 2.15625,
      "sys_mb": 94.40067291259766,
      "num_gc": 130,
      "gc_pause_total_ms": 9.502071,
      "gc_pause_last_ms": 0.046208,
      "cpu_fraction_pct": 100.01280827769091,
      "gomaxprocs": 8
    },
    {
      "elapsed_s": 6.000014125,
      "goroutines": 446,
      "heap_alloc_mb": 48.079261779785156,
      "heap_inuse_mb": 50.71875,
      "stack_inuse_mb": 2.15625,
      "sys_mb": 94.40067291259766,
      "num_gc": 190,
      "gc_pause_total_ms": 14.47165,
      "gc_pause_last_ms": 0.070624,
      "cpu_fraction_pct": 100.7134521445907,
      "gomaxprocs": 8
    },
    {
      "elapsed_s": 8.0000015,
      "goroutines": 446,
      "heap_alloc_mb": 58.5902099609375,
      "heap_inuse_mb": 60.875,
      "stack_inuse_mb": 2.1875,
      "sys_mb": 98.40067291259766,
      "num_gc": 245,
      "gc_pause_total_ms": 19.330444,
      "gc_pause_last_ms": 0.063543,
      "cpu_fraction_pct": 98.40028575180386,
      "gomaxprocs": 8
    },
    {
      "elapsed_s": 10.000001334,
      "goroutines": 446,
      "heap_alloc_mb": 61.369659423828125,
      "heap_inuse_mb": 63.90625,
      "stack_inuse_mb": 2.1875,
      "sys_mb": 98.40067291259766,
      "num_gc": 293,
      "gc_pause_total_ms": 24.117856,
      "gc_pause_last_ms": 0.070417,
      "cpu_fraction_pct": 100.67292500585272,
      "gomaxprocs": 8
    },
    {
      "elapsed_s": 12.0000135,
      "goroutines": 446,
      "heap_alloc_mb": 53.171485900878906,
      "heap_inuse_mb": 55.59375,
      "stack_inuse_mb": 2.15625,
      "sys_mb": 98.40067291259766,
      "num_gc": 347,
      "gc_pause_total_ms": 29.593693,