{
  "config": {
    "acks": 1,
    "batch_bytes": 65536,
    "brokers": [
      "localhost:9092"
    ],
    "compression": "snappy",
    "consumer_delay": "0s",
    "consumer_jitter": "0s",
    "consumers": 4,
    "duration_s": 15,
    "group": "bench-group-v4",
    "initial_offset": "oldest",
    "linger_ms": 5,
    "message_size": 1024,
    "partitions": 12,
    "payload_mode": "mixed",
    "phase_delay": "0s",
    "phase_duration": "0s",
    "producers": 8,
    "target_rate": 8000,
    "topic": "bench-topic-v4",
    "warmup_s": 2
  },
  "final": {
    "elapsed_s": 15.015329125,
    "messages_sent": 116832,
    "messages_received": 116861,
    "errors": 0,
    "bytes_sent": 119635968,
    "bytes_received": 119665664,
    "avg_rate_msg_per_sec": 7780.848426790645,
    "avg_recv_rate_msg_per_sec": 7782.779786387134,
    "throughput_mb_per_sec": 7.598484791787739,
    "ack_latency_ms": {
      "Min": 0.239,
      "Max": 55.53,
      "Mean": 3.6111967526020265,
      "StdDev": 2.95729399048939,
      "Variance": 8.745587746184661,
      "P50": 3.435,
      "P75": 4.707,
      "P90": 5.565,
      "P95": 5.887,
      "P99": 14.007,
      "P995": 22.711,
      "P999": 38.069,
      "P9999": 46.119,
      "MAD": 1.405,
      "Count": 116832,
      "CDFBuckets": [
        0,
        0,
        1,
        4990,
        6526,
        19432,
        59837,
        24088,
        1237,
        715,
        6,
        0,
        0,
        0,
        0,
        0,
        0,
        0,
        0,
        0,
        0,
        0,
        0
      ]
    },
    "e2e_latency_ms": {
      "Min": 0.37,
      "Max": 145.792,
      "Mean": 4.477650225481555,
      "StdDev": 6.975341671361424,
      "Variance": 48.65539143223118,
      "P50": 3.704,
      "P75": 5.287,
      "P90": 6.035,
      "P95": 7.051,
      "P99": 27.35,
      "P995": 50.654,
      "P999": 108.579,
      "P9999": 142.85,
      "MAD": 1.492,
      "Count": 116861,
      "CDFBuckets": [
        0,
        0,
        0,
        424,
        7596,
        17790,
        58466,
        29123,
        1882,
        993,
        406,
        181,
        0,
        0,
        0,
        0,
        0,
        0,
        0,
        0,
        0,
        0,
        0
      ]
    }
  },
  "timeline": [
    {
      "elapsed_s": 15.000148375,
      "inst_rate": 7788.722956548755,
      "recv_rate": 7790.656270758388,
      "throughput_mb": 7.606174762254644,
      "ack_p50_ms": 3.435,
      "ack_p99_ms": 14.007,
      "e2e_p50_ms": 3.704,
      "e2e_p99_ms": 27.35,
      "errors": 0
    }
  ],
  "lag_timeline": [
    {
      "elapsed_s": 2.000000667,
      "total_lag": 20,
      "max_partition_lag": 3,
      "committed_offset_sum": 15511,
      "end_offset_sum": 15531,
      "per_partition_lag": {
        "0": 1,
        "1": 1,
        "10": 3,
        "11": 1,
        "2": 1,
        "3": 1,
        "4": 1,
        "5": 3,
        "6": 2,
        "7": 2,
        "8": 2,
        "9": 2
      }
    },
    {
      "elapsed_s": 4.000001042,
      "total_lag": 7552,
      "max_partition_lag": 662,
      "committed_offset_sum": 23427,
      "end_offset_sum": 30979,
      "per_partition_lag": {
        "0": 635,
        "1": 588,
        "10": 608,
        "11": 654,
        "2": 657,
        "3": 639,
        "4": 623,
        "5": 662,
        "6": 655,
        "7": 636,
        "8": 585,
        "9": 610
      }
    },
    {
      "elapsed_s": 6.000001125,
      "total_lag": 7439,
      "max_partition_lag": 648,
      "committed_offset_sum": 39058,
      "end_offset_sum": 46497,
      "per_partition_lag": {
        "0": 609,
        "1": 623,
        "10": 630,
        "11": 648,
        "2": 595,
        "3": 642,
        "4": 617,
        "5": 606,
        "6": 632,
        "7": 633,
        "8": 579,
        "9": 625
      }
    },
    {
      "elapsed_s": 8.000015917,
      "total_lag": 7565,
      "max_partition_lag": 664,
      "committed_offset_sum": 54514,
      "end_offset_sum": 62079,
      "per_partition_lag": {
        "0": 628,
        "1": 568,
        "10": 585,
        "11": 662,
        "2": 620,
        "3": 632,
        "4": 660,
        "5": 643,
        "6": 664,
        "7": 656,
        "8": 595,
        "9": 652
      }
    },
    {
      "elapsed_s": 10.000014834,
      "total_lag": 7627,
      "max_partition_lag": 657,
      "committed_offset_sum": 70099,
      "end_offset_sum": 77726,
      "per_partition_lag": {
        "0": 657,
        "1": 628,
        "10": 627,
        "11": 636,
        "2": 651,
        "3": 642,
        "4": 606,
        "5": 636,
        "6": 646,
        "7": 605,
        "8": 651,
        "9": 642
      }
    },
    {
      "elapsed_s": 12.000000542,
      "total_lag": 7455,
      "max_partition_lag": 674,
      "committed_offset_sum": 85710,
      "end_offset_sum": 93165,
      "per_partition_lag": {
        "0": 580,
        "1": 629,
        "10": 635,
        "11": 587,
        "2": 674,
        "3": 583,
        "4": 619,
        "5": 647,
        "6": 627,
        "7": 617,
        "8": 604,
        "9": 653
      }
    },
    {
      "elapsed_s": 14.000001375,
      "total_lag": 7659,
      "max_partition_lag": 668,
      "committed_offset_sum": 101149,
      "end_offset_sum": 108808,
      "per_partition_lag": {
        "0": 604,
        "1": 586,
        "10": 651,
        "11": 643,
        "2": 647,
        "3": 668,
        "4": 634,
        "5": 646,
        "6": 630,
        "7": 660,
        "8": 630,
        "9": 660
      }
    },
    {
      "elapsed_s": 16.00001525,
      "total_lag": 7678,
      "max_partition_lag": 675,
      "committed_offset_sum": 116684,
      "end_offset_sum": 124362,
      "per_partition_lag": {
        "0": 675,
        "1": 635,
        "10": 629,
        "11": 611,
        "2": 653,
        "3": 615,
        "4": 648,
        "5": 665,
        "6": 647,
        "7": 658,
        "8": 631,
        "9": 611
      }
    }
  ],
  "lag_summary": {
    "max_total_lag": 7678,
    "final_total_lag": 7678,
    "recovery_drain_rate_msg_per_sec": 0,
    "time_to_drain_s": 0,
    "sample_count": 8
  },
  "sysperf_timeline": [
    {
      "elapsed_s": 2.000001375,
      "goroutines": 276,
      "heap_alloc_mb": 30.355804443359375,
      "heap_inuse_mb": 33.921875,
      "stack_inuse_mb": 2.125,
      "sys_mb": 79.2717514038086,
      "num_gc": 13,
      "gc_pause_total_ms": 1.144164,
      "gc_pause_last_ms": 0.071625,
      "cpu_fraction_pct": 97.49926836925302,
      "gomaxprocs": 8
    },
    {
      "elapsed_s": 4.000001918,
      "goroutines": 468,
      "heap_alloc_mb": 53.38819885253906,
      "heap_inuse_mb": 57.390625,
      "stack_inuse_mb": 2.59375,
      "sys_mb": 83.2717514038086,
      "num_gc": 18,
      "gc_pause_total_ms": 1.639665,
      "gc_pause_last_ms": 0.079958,
      "cpu_fraction_pct": 88.87073422159565,
      "gomaxprocs": 8
    },
    {
      "elapsed_s": 6.000002126,
      "goroutines": 468,
      "heap_alloc_mb": 54.831398010253906,
      "heap_inuse_mb": 58.2265625,
      "stack_inuse_mb": 2.59375,
      "sys_mb": 83.2717514038086,
      "num_gc": 23,
      "gc_pause_total_ms": 2.10829,
      "gc_pause_last_ms": 0.085167,
      "cpu_fraction_pct": 99.79513752130568,
      "gomaxprocs": 8
    },
    {
      "elapsed_s": 8.000018584,
      "goroutines": 468,
      "heap_alloc_mb": 55.84794616699219,
      "heap_inuse_mb": 59.9375,
      "stack_inuse_mb": 2.59375,
      "sys_mb": 83.2717514038086,
      "num_gc": 28,
      "gc_pause_total_ms": 2.562833,
      "gc_pause_last_ms": 0.070625,
      "cpu_fraction_pct": 98.03659115689139,
      "gomaxprocs": 8
    },
    {
      "elapsed_s": 10.000015751,
      "goroutines": 468,
      "heap_alloc_mb": 59.16484832763672,
      "heap_inuse_mb": 62.84375,
      "stack_inuse_mb": 2.59375,
      "sys_mb": 83.2717514038086,
      "num_gc": 33,
      "gc_pause_total_ms": 3.0185,
      "gc_pause_last_ms": 0.040791,
      "cpu_fraction_pct": 98.51527914689291,