{
  "config": {
    "acks": 1,
    "batch_bytes": 65536,
    "brokers": [
      "localhost:9092"
    ],
    "compression": "zstd",
    "consumer_delay": "0s",
    "consumer_jitter": "0s",
    "consumers": 4,
    "duration_s": 15,
    "group": "bench-group-v4",
    "initial_offset": "oldest",
    "linger_ms": 5,
    "message_size": 512,
    "partitions": 12,
    "payload_mode": "random",
    "phase_delay": "0s",
    "phase_duration": "0s",
    "producers": 8,
    "target_rate": 8000,
    "topic": "bench-topic-v4",
    "warmup_s": 2
  },
  "final": {
    "elapsed_s": 15.004448041,
    "messages_sent": 119203,
    "messages_received": 119221,
    "errors": 0,
    "bytes_sent": 61031936,
    "bytes_received": 61041152,
    "avg_rate_msg_per_sec": 7944.510832672755,
    "avg_recv_rate_msg_per_sec": 7945.710476934964,
    "throughput_mb_per_sec": 3.8791556800159936,
    "ack_latency_ms": {
      "Min": 0.236,
      "Max": 40.256,
      "Mean": 3.5765472261604154,
      "StdDev": 2.4316729396435406,
      "Variance": 5.9130332853946586,
      "P50": 3.464,
      "P75": 4.758,
      "P90": 5.596,
      "P95": 6.07,
      "P99": 11.884,
      "P995": 17.489,
      "P999": 27.52,
      "P9999": 35.808,
      "MAD": 1.373,
      "Count": 119203,
      "CDFBuckets": [
        0,
        0,
        3,
        5176,
        5947,
        19304,
        61334,
        25922,
        1133,
        384,
        0,
        0,
        0,
        0,
        0,
        0,
        0,
        0,
        0,
        0,
        0,
        0,
        0
      ]
    },
    "e2e_latency_ms": {
      "Min": 0.332,
      "Max": 141.959,
      "Mean": 4.379492841026329,
      "StdDev": 6.507820067852234,
      "Variance": 42.351722035540256,
      "P50": 3.73,
      "P75": 5.379,
      "P90": 6.058,
      "P95": 7.102,
      "P99": 20.648,
      "P995": 45.603,
      "P999": 104.853,
      "P9999": 139.043,
      "MAD": 1.477,
      "Count": 119221,
      "CDFBuckets": [
        0,
        0,
        0,
        945,
        7408,
        17422,
        59808,
        30868,
        1527,
        685,
        400,
        158,
        0,
        0,
        0,
        0,
        0,
        0,
        0,
        0,
        0,
        0,
        0
      ]
    }
  },
  "timeline": [],
  "lag_timeline": [
    {
      "elapsed_s": 2.000000916,
      "total_lag": 13,
      "max_partition_lag": 3,
      "committed_offset_sum": 15725,
      "end_offset_sum": 15738,
      "per_partition_lag": {
        "0": 0,
        "1": 0,
        "10": 3,
        "11": 1,
        "2": 0,
        "3": 1,
        "4": 3,
        "5": 0,
        "6": 2,
        "7": 1,
        "8": 1,
        "9": 1
      }
    },
    {
      "elapsed_s": 4.00000125,
      "total_lag": 7819,
      "max_partition_lag": 702,
      "committed_offset_sum": 23677,
      "end_offset_sum": 31496,
      "per_partition_lag": {
        "0": 660,
        "1": 653,
        "10": 643,
        "11": 674,
        "2": 598,
        "3": 665,
        "4": 629,
        "5": 677,
        "6": 702,
        "7": 628,
        "8": 642,
        "9": 648
      }
    },
    {
      "elapsed_s": 6.000000916,
      "total_lag": 7740,
      "max_partition_lag": 669,
      "committed_offset_sum": 39664,
      "end_offset_sum": 47404,
      "per_partition_lag": {
        "0": 625,
        "1": 625,
        "10": 614,
        "11": 662,
        "2": 661,
        "3": 669,
        "4": 641,
        "5": 663,
        "6": 637,
        "7": 658,
        "8": 642,
        "9": 643
      }
    },
    {
      "elapsed_s": 8.000001624,
      "total_lag": 7767,
      "max_partition_lag": 702,
      "committed_offset_sum": 55539,
      "end_offset_sum": 63306,
      "per_partition_lag": {
        "0": 601,
        "1": 637,
        "10": 687,
        "11": 659,
        "2": 658,
        "3": 668,
        "4": 608,
        "5": 594,
        "6": 656,
        "7": 702,
        "8": 630,
        "9": 667
      }
    },
    {
      "elapsed_s": 10.000000708,
      "total_lag": 7748,
      "max_partition_lag": 685,
      "committed_offset_sum": 71430,
      "end_offset_sum": 79178,
      "per_partition_lag": {
        "0": 659,
        "1": 632,
        "10": 650,
        "11": 610,
        "2": 627,
        "3": 641,
        "4": 677,
        "5": 656,
        "6": 669,
        "7": 685,
        "8": 630,
        "9": 612
      }
    },
    {
      "elapsed_s": 12.000001082,
      "total_lag": 7819,
      "max_partition_lag": 715,
      "committed_offset_sum": 87345,
      "end_offset_sum": 95164,
      "per_partition_lag": {
        "0": 646,
        "1": 677,
        "10": 650,
        "11": 620,
        "2": 661,
        "3": 660,
        "4": 643,
        "5": 607,
        "6": 715,
        "7": 617,
        "8": 682,
        "9": 641
      }
    },
    {
      "elapsed_s": 14.000008749,
      "total_lag": 7806,
      "max_partition_lag": 680,
      "committed_offset_sum": 103319,
      "end_offset_sum": 111125,
      "per_partition_lag": {
        "0": 661,
        "1": 636,
        "10": 643,
        "11": 652,
        "2": 641,
        "3": 647,
        "4": 667,
        "5": 602,
        "6": 678,
        "7": 680,
        "8": 661,
        "9": 638
      }
    },
    {
      "elapsed_s": 16.000001082,
      "total_lag": 7711,
      "max_partition_lag": 688,
      "committed_offset_sum": 119277,
      "end_offset_sum": 126988,
      "per_partition_lag": {
        "0": 688,
        "1": 599,
        "10": 653,
        "11": 626,
        "2": 664,
        "3": 623,
        "4": 635,
        "5": 630,
        "6": 658,
        "7": 662,
        "8": 650,
        "9": 623
      }
    }
  ],
  "lag_summary": {
    "max_total_lag": 7819,
    "final_total_lag": 7711,
    "recovery_drain_rate_msg_per_sec": 9.000000126000002,
    "time_to_drain_s": 11.999999832,
    "sample_count": 8
  },
  "sysperf_timeline": [
    {
      "elapsed_s": 2.000000417,
      "goroutines": 282,
      "heap_alloc_mb": 41.877647399902344,
      "heap_inuse_mb": 43.9921875,
      "stack_inuse_mb": 1.6875,
      "sys_mb": 82.15067291259766,
      "num_gc": 72,
      "gc_pause_total_ms": 6.303383,
      "gc_pause_last_ms": 0.073251,
      "cpu_fraction_pct": 99.8319625350358,
      "gomaxprocs": 8
    },
    {
      "elapsed_s": 4.000001292,
      "goroutines": 468,
      "heap_alloc_mb": 40.997352600097656,
      "heap_inuse_mb": 43.625,
      "stack_inuse_mb": 2.1875,
      "sys_mb": 94.15067291259766,
      "num_gc": 123,
      "gc_pause_total_ms": 10.303874,
      "gc_pause_last_ms": 0.07875,
      "cpu_fraction_pct": 100.38619358104033,
      "gomaxprocs": 8
    },
    {
      "elapsed_s": 6.000001041,
      "goroutines": 468,
      "heap_alloc_mb": 55.714630126953125,
      "heap_inuse_mb": 58.4296875,
      "stack_inuse_mb": 2.21875,
      "sys_mb": 94.15067291259766,
      "num_gc": 176,
      "gc_pause_total_ms": 14.401994,
      "gc_pause_last_ms": 0.037792,
      "cpu_fraction_pct": 99.24823745565381,
      "gomaxprocs": 8
    },
    {
      "elapsed_s": 8.000001916,
      "goroutines": 468,
      "heap_alloc_mb": 52.39393615722656,
      "heap_inuse_mb": 54.9453125,
      "stack_inuse_mb": 2.1875,
      "sys_mb": 94.15067291259766,
      "num_gc": 229,
      "gc_pause_total_ms": 18.716701,
      "gc_pause_last_ms": 0.033,
      "cpu_fraction_pct": 100.2859456748987,
      "gomaxprocs": 8
    },
    {
      "elapsed_s": 10.000000792,
      "goroutines": 468,
      "heap_alloc_mb": 37.60760498046875,
      "heap_inuse_mb": 40.3828125,
      "stack_inuse_mb": 2.1875,
      "sys_mb": 94.15067291259766,
      "num_gc": 282,
      "gc_pause_total_ms": 22.700951,
      "gc_pause_last_ms": 0.091792,
      "cpu_fraction_pct": 100.71352745100248,
      "gomaxprocs": 8
    },
    {
      "elapsed_s": 12.000000875,
      "goroutines": 468,
      "heap_alloc_mb": 56.007476806640625,
      "heap_inuse_mb": 58.5625,
      "stack_inuse_mb": 2.1875,
      "sys_mb": 94.15067291259766,