{
  "config": {
    "acks": 1,
    "batch_bytes": 65536,
    "brokers": [
      "localhost:9092"
    ],
    "compression": "lz4",
    "consumer_delay": "0s",
    "consumer_jitter": "0s",
    "consumers": 4,
    "duration_s": 20,
    "group": "bench-group-v4",
    "initial_offset": "oldest",
    "linger_ms": 5,
    "message_size": 512,
    "partitions": 12,
    "payload_mode": "mixed",
    "phase_delay": "0s",
    "phase_duration": "0s",
    "producers": 8,
    "target_rate": 10000,
    "topic": "bench-topic-v4",
    "warmup_s": 3
  },
  "final": {
    "elapsed_s": 20.00988625,
    "messages_sent": 195480,
    "messages_received": 195531,
    "errors": 0,
    "bytes_sent": 100085760,
    "bytes_received": 100111872,
    "avg_rate_msg_per_sec": 9769.170976671594,
    "avg_recv_rate_msg_per_sec": 9771.71971679749,
    "throughput_mb_per_sec": 4.770103015952927,
    "ack_latency_ms": {
      "Min": 0.29,
      "Max": 62.885,
      "Mean": 3.513086305504399,
      "StdDev": 2.952298440244268,
      "Variance": 8.716066080268737,
      "P50": 3.218,
      "P75": 4.759,
      "P90": 5.588,
      "P95": 5.858,
      "P99": 10.668,
      "P995": 18.36,
      "P999": 43.735,
      "P9999": 60.755,
      "MAD": 1.506,
      "Count": 195480,
      "CDFBuckets": [
        0,
        0,
        0,
        748,
        21517,
        29492,
        104555,
        36963,
        1296,
        834,
        75,
        0,
        0,
        0,
        0,
        0,
        0,
        0,
        0,
        0,
        0,
        0,
        0
      ]
    },
    "e2e_latency_ms": {
      "Min": 0.46,
      "Max": 142.723,
      "Mean": 4.4845757041083,
      "StdDev": 6.845609714884071,
      "Variance": 46.86237236851517,
      "P50": 3.824,
      "P75": 5.275,
      "P90": 6.163,
      "P95": 6.809,
      "P99": 27.806,
      "P995": 58.392,
      "P999": 105.212,
      "P9999": 140.544,
      "MAD": 1.469,
      "Count": 195531,
      "CDFBuckets": [
        0,
        0,
        0,
        10,
        9741,
        29440,
        99386,
        52544,
        2027,
        1197,
        936,
        250,
        0,
        0,
        0,
        0,
        0,
        0,
        0,
        0,
        0,
        0,
        0
      ]
    }
  },
  "timeline": [
    {
      "elapsed_s": 20.000063625,
      "inst_rate": 9773.968906561417,
      "recv_rate": 9776.518898449254,
      "throughput_mb": 4.772445755156942,
      "ack_p50_ms": 3.218,
      "ack_p99_ms": 10.668,
      "e2e_p50_ms": 3.824,
      "e2e_p99_ms": 27.806,
      "errors": 0
    }
  ],
  "lag_timeline": [
    {
      "elapsed_s": 2.000005917,
      "total_lag": 9331,
      "max_partition_lag": 814,
      "committed_offset_sum": 10194,
      "end_offset_sum": 19525,
      "per_partition_lag": {
        "0": 793,
        "1": 765,
        "10": 805,
        "11": 739,
        "2": 777,
        "3": 814,
        "4": 783,
        "5": 762,
        "6": 811,
        "7": 751,
        "8": 739,
        "9": 792
      }
    },
    {
      "elapsed_s": 4.000005666,
      "total_lag": 9794,
      "max_partition_lag": 875,
      "committed_offset_sum": 28952,
      "end_offset_sum": 38746,
      "per_partition_lag": {
        "0": 866,
        "1": 841,
        "10": 817,
        "11": 802,
        "2": 814,
        "3": 804,
        "4": 832,
        "5": 790,
        "6": 791,
        "7": 781,
        "8": 875,
        "9": 781
      }
    },
    {
      "elapsed_s": 6.000006291,
      "total_lag": 9571,
      "max_partition_lag": 854,
      "committed_offset_sum": 48786,
      "end_offset_sum": 58357,
      "per_partition_lag": {
        "0": 798,
        "1": 854,
        "10": 798,
        "11": 775,
        "2": 802,
        "3": 714,
        "4": 808,
        "5": 798,
        "6": 840,
        "7": 796,
        "8": 804,
        "9": 784
      }
    },
    {
      "elapsed_s": 8.000005958,
      "total_lag": 9535,
      "max_partition_lag": 850,
      "committed_offset_sum": 68478,
      "end_offset_sum": 78013,
      "per_partition_lag": {
        "0": 779,
        "1": 787,
        "10": 797,
        "11": 812,
        "2": 831,
        "3": 705,
        "4": 775,
        "5": 850,
        "6": 800,
        "7": 810,
        "8": 802,
        "9": 787
      }
    },
    {
      "elapsed_s": 10.000006041,
      "total_lag": 9352,
      "max_partition_lag": 817,
      "committed_offset_sum": 87921,
      "end_offset_sum": 97273,
      "per_partition_lag": {
        "0": 817,
        "1": 755,
        "10": 808,
        "11": 765,
        "2": 778,
        "3": 779,
        "4": 771,
        "5": 733,
        "6": 795,
        "7": 804,
        "8": 749,
        "9": 798
      }
    },
    {
      "elapsed_s": 12.000008333,
      "total_lag": 9639,
      "max_partition_lag": 839,
      "committed_offset_sum": 107368,
      "end_offset_sum": 117007,
      "per_partition_lag": {
        "0": 839,
        "1": 790,
        "10": 801,
        "11": 790,
        "2": 766,
        "3": 820,
        "4": 839,
        "5": 807,
        "6": 815,
        "7": 799,
        "8": 797,
        "9": 776
      }
    },
    {
      "elapsed_s": 14.000006208,
      "total_lag": 9634,
      "max_partition_lag": 842,
      "committed_offset_sum": 127121,
      "end_offset_sum": 136755,
      "per_partition_lag": {
        "0": 833,
        "1": 789,
        "10": 762,
        "11": 823,
        "2": 785,
        "3": 798,
        "4": 779,
        "5": 803,
        "6": 829,
        "7": 842,
        "8": 812,
        "9": 779
      }
    },
    {
      "elapsed_s": 16.000007916,
      "total_lag": 9629,
      "max_partition_lag": 850,
      "committed_offset_sum": 146792,
      "end_offset_sum": 156421,
      "per_partition_lag": {
        "0": 776,
        "1": 850,
        "10": 823,
        "11": 753,
        "2": 752,
        "3": 838,
        "4": 820,
        "5": 777,
        "6": 804,
        "7": 823,
        "8": 828,
        "9": 785
      }
    },
    {
      "elapsed_s": 18.000005041,
      "total_lag": 9566,
      "max_partition_lag": 837,
      "committed_offset_sum": 166372,
      "end_offset_sum": 175938,
      "per_partition_lag": {
        "0": 820,
        "1": 770,
        "10": 837,
        "11": 764,
        "2": 817,
        "3": 819,
        "4": 745,
        "5": 815,
        "6": 789,
        "7": 791,
        "8": 808,
        "9": 791
      }
    },
    {
      "elapsed_s": 20.000006208,
      "total_lag": 9650,
      "max_partition_lag": 853,
      "committed_offset_sum": 185975,
      "end_offset_sum": 195625,
      "per_partition_lag": {
        "0": 794,
        "1": 779,
        "10": 785,
        "11": 805,
        "2": 794,
        "3": 853,
        "4": 769,
        "5": 799,
        "6": 814,
        "7": 823,
        "8": 805,
        "9": 830
      }
    },
    {
      "elapsed_s": 22.000005708,
      "total_lag": 9595,
      "max_partition_lag": 872,
      "committed_offset_sum": 205761,
      "end_offset_sum": 215356,
      "per_partition_lag": {
        "0": 824,
        "1": 742,
        "10": 801,
        "11": 772,
        "2": 849,
        "3": 832,
        "4": 814,
        "5": 766,
        "6": 872,
        "7": 775,
        "8": 772,
        "9": 776
      }
    }
  ],
  "lag_summary": {
    "max_total_lag": 9794,
    "final_total_lag": 9595,
    "recovery_drain_rate_msg_per_sec": 11.055555529759259,
    "time_to_drain_s": 18.000000042,
    "sample_count": 11
  },
  "sysperf_timeline": [
    {
      "elapsed_s": 2.00001475,
      "goroutines": 291,
      "heap_alloc_mb": 38.45336151123047,
      "heap_inuse_mb": 42.125,
      "stack_inuse_mb": 1.65625,
      "sys_mb": 75.0061264038086,
      "num_gc": 9,
      "gc_pause_total_ms": 0.657916,
      "gc_pause_last_ms": 0.07425,
      "cpu_fraction_pct": 89.55614787340946,
      "gomaxprocs": 8
    },
    {
      "elapsed_s": 4.000012584,
      "goroutines": 446,
      "heap_alloc_mb": 55.025611877441406,