{
  "config": {
    "acks": 1,
    "batch_bytes": 65536,
    "brokers": [
      "localhost:9092"
    ],
    "compression": "snappy",
    "consumer_delay": "0s",
    "consumer_jitter": "0s",
    "consumers": 4,
    "duration_s": 15,
    "group": "bench-group-v4",
    "initial_offset": "oldest",
    "linger_ms": 5,
    "message_size": 4096,
    "partitions": 12,
    "payload_mode": "mixed",
    "phase_delay": "0s",
    "phase_duration": "0s",
    "producers": 8,
    "target_rate": 8000,
    "topic": "bench-topic-v4",
    "warmup_s": 2
  },
  "final": {
    "elapsed_s": 15.008098625,
    "messages_sent": 117980,
    "messages_received": 118012,
    "errors": 0,
    "bytes_sent": 483246080,
    "bytes_received": 483377152,
    "avg_rate_msg_per_sec": 7861.089065837612,
    "avg_recv_rate_msg_per_sec": 7863.221247988034,
    "throughput_mb_per_sec": 30.707379163428172,
    "ack_latency_ms": {
      "Min": 0.288,
      "Max": 47.564,
      "Mean": 3.7468756145109343,
      "StdDev": 2.8792910696860448,
      "Variance": 8.290317063973808,
      "P50": 3.523,
      "P75": 4.879,
      "P90": 5.682,
      "P95": 6.284,
      "P99": 15.848,
      "P995": 22.168,
      "P999": 32.972,
      "P9999": 42.362,
      "MAD": 1.444,
      "Count": 117980,
      "CDFBuckets": [
        0,
        0,
        0,
        2962,
        7776,
        19149,
        59763,
        25959,
        1633,
        738,
        0,
        0,
        0,
        0,
        0,
        0,
        0,
        0,
        0,
        0,
        0,
        0,
        0
      ]
    },
    "e2e_latency_ms": {
      "Min": 0.387,
      "Max": 148.868,
      "Mean": 4.760518565908552,
      "StdDev": 7.401620940389916,
      "Variance": 54.783992545218496,
      "P50": 3.876,
      "P75": 5.538,
      "P90": 6.306,
      "P95": 7.947,
      "P99": 28.727,
      "P995": 53.988,
      "P999": 112.991,
      "P9999": 147.825,
      "MAD": 1.541,
      "Count": 118012,
      "CDFBuckets": [
        0,
        0,
        0,
        95,
        6329,
        16643,
        57901,
        32884,
        2273,
        1265,
        405,
        217,
        0,
        0,
        0,
        0,
        0,
        0,
        0,
        0,
        0,
        0,
        0
      ]
    }
  },
  "timeline": [],
  "lag_timeline": [
    {
      "elapsed_s": 2.000001792,
      "total_lag": 45,
      "max_partition_lag": 10,
      "committed_offset_sum": 15687,
      "end_offset_sum": 15732,
      "per_partition_lag": {
        "0": 4,
        "1": 0,
        "10": 4,
        "11": 4,
        "2": 4,
        "3": 3,
        "4": 6,
        "5": 0,
        "6": 3,
        "7": 3,
        "8": 10,
        "9": 4
      }
    },
    {
      "elapsed_s": 4.000016459,
      "total_lag": 7718,
      "max_partition_lag": 684,
      "committed_offset_sum": 23676,
      "end_offset_sum": 31394,
      "per_partition_lag": {
        "0": 627,
        "1": 636,
        "10": 653,
        "11": 641,
        "2": 658,
        "3": 618,
        "4": 658,
        "5": 684,
        "6": 684,
        "7": 622,
        "8": 606,
        "9": 631
      }
    },
    {
      "elapsed_s": 6.000002417,
      "total_lag": 7678,
      "max_partition_lag": 679,
      "committed_offset_sum": 39462,
      "end_offset_sum": 47140,
      "per_partition_lag": {
        "0": 616,
        "1": 679,
        "10": 633,
        "11": 640,
        "2": 638,
        "3": 675,
        "4": 632,
        "5": 616,
        "6": 658,
        "7": 608,
        "8": 606,
        "9": 677
      }
    },
    {
      "elapsed_s": 8.000002084,
      "total_lag": 7641,
      "max_partition_lag": 701,
      "committed_offset_sum": 55212,
      "end_offset_sum": 62853,
      "per_partition_lag": {
        "0": 623,
        "1": 651,
        "10": 650,
        "11": 643,
        "2": 610,
        "3": 661,
        "4": 701,
        "5": 611,
        "6": 649,
        "7": 608,
        "8": 607,
        "9": 627
      }
    },
    {
      "elapsed_s": 10.000026834,
      "total_lag": 7732,
      "max_partition_lag": 707,
      "committed_offset_sum": 70886,
      "end_offset_sum": 78618,
      "per_partition_lag": {
        "0": 583,
        "1": 707,
        "10": 663,
        "11": 674,
        "2": 577,
        "3": 624,
        "4": 695,
        "5": 613,
        "6": 647,
        "7": 644,
        "8": 637,
        "9": 668
      }
    },
    {
      "elapsed_s": 12.00001625,
      "total_lag": 7670,
      "max_partition_lag": 666,
      "committed_offset_sum": 86665,
      "end_offset_sum": 94335,
      "per_partition_lag": {
        "0": 633,
        "1": 650,
        "10": 628,
        "11": 666,
        "2": 645,
        "3": 661,
        "4": 607,
        "5": 634,
        "6": 647,
        "7": 616,
        "8": 644,
        "9": 639
      }
    },
    {
      "elapsed_s": 14.0000185,
      "total_lag": 7733,
      "max_partition_lag": 689,
      "committed_offset_sum": 102501,
      "end_offset_sum": 110234,
      "per_partition_lag": {
        "0": 646,
        "1": 642,
        "10": 646,
        "11": 642,
        "2": 661,
        "3": 640,
        "4": 625,
        "5": 641,
        "6": 689,
        "7": 642,
        "8": 639,
        "9": 620
      }
    },
    {
      "elapsed_s": 16.000002875,
      "total_lag": 7659,
      "max_partition_lag": 688,
      "committed_offset_sum": 118200,
      "end_offset_sum": 125859,
      "per_partition_lag": {
        "0": 592,
        "1": 627,
        "10": 688,
        "11": 659,
        "2": 651,
        "3": 614,
        "4": 682,
        "5": 643,
        "6": 600,
        "7": 613,
        "8": 662,
        "9": 628
      }
    }
  ],
  "lag_summary": {
    "max_total_lag": 7733,
    "final_total_lag": 7659,
    "recovery_drain_rate_msg_per_sec": 37.00028906475831,
    "time_to_drain_s": 1.9999843750000004,
    "sample_count": 8
  },
  "sysperf_timeline": [
    {
      "elapsed_s": 2.000001625,
      "goroutines": 281,
      "heap_alloc_mb": 26.934295654296875,
      "heap_inuse_mb": 29.9609375,
      "stack_inuse_mb": 2.15625,
      "sys_mb": 114.40067291259766,
      "num_gc": 27,
      "gc_pause_total_ms": 2.316878,
      "gc_pause_last_ms": 0.051333,
      "cpu_fraction_pct": 100.26078933810865,
      "gomaxprocs": 8
    },
    {
      "elapsed_s": 4.000016458,
      "goroutines": 468,
      "heap_alloc_mb": 46.903541564941406,
      "heap_inuse_mb": 50.3359375,
      "stack_inuse_mb": 2.59375,
      "sys_mb": 114.65067291259766,
      "num_gc": 43,
      "gc_pause_total_ms": 3.559126,
      "gc_pause_last_ms": 0.052167,
      "cpu_fraction_pct": 97.53617872293052,
      "gomaxprocs": 8
    },
    {
      "elapsed_s": 6.000003584,
      "goroutines": 468,
      "heap_alloc_mb": 39.839996337890625,
      "heap_inuse_mb": 43.6953125,
      "stack_inuse_mb": 2.59375,
      "sys_mb": 114.65067291259766,
      "num_gc": 59,
      "gc_pause_total_ms": 4.9645,
      "gc_pause_last_ms": 0.077542,
      "cpu_fraction_pct": 101.43736545232143,
      "gomaxprocs": 8
    },
    {
      "elapsed_s": 8.000002042,
      "goroutines": 468,
      "heap_alloc_mb": 55.379974365234375,
      "heap_inuse_mb": 58.921875,
      "stack_inuse_mb": 2.59375,
      "sys_mb": 114.65067291259766,
      "num_gc": 74,
      "gc_pause_total_ms": 6.167999,
      "gc_pause_last_ms": 0.049666,
      "cpu_fraction_pct": 96.73559748314565,
      "gomaxprocs": 8
    },
    {
      "elapsed_s": 10.000026959,
      "goroutines": 468,
      "heap_alloc_mb": 39.73313903808594,
      "heap_inuse_mb": 43.5703125,
      "stack_inuse_mb": 2.59375,
      "sys_mb": 114.65067291259766,
      "num_gc": 90,
      "gc_pause_total_ms": 8.502126,
      "gc_pause_last_ms": 0.059667,
      "cpu_fraction_pct": 103.32743354516919,
      "gomaxprocs": 8
    },
    {
      "elapsed_s": 12.0000015,
      "goroutines": 468,
      "heap_alloc_mb": 60.91111755371094,
      "heap_inuse_mb": 63.9140625,
      "stack_inuse_mb": 2.59375,