{
  "config": {
    "acks": 1,
    "batch_bytes": 65536,
    "brokers": [
      "localhost:9092"
    ],
    "compression": "zstd",
    "consumer_delay": "0s",
    "consumer_jitter": "0s",
    "consumers": 4,
    "duration_s": 15,
    "group": "bench-group-v4",
    "initial_offset": "oldest",
    "linger_ms": 5,
    "message_size": 512,
    "partitions": 12,
    "payload_mode": "logline",
    "phase_delay": "0s",
    "phase_duration": "0s",
    "producers": 8,
    "target_rate": 8000,
    "topic": "bench-topic-v4",
    "warmup_s": 2
  },
  "final": {
    "elapsed_s": 15.004282459,
    "messages_sent": 119261,
    "messages_received": 119296,
    "errors": 0,
    "bytes_sent": 61061632,
    "bytes_received": 61079552,
    "avg_rate_msg_per_sec": 7948.464068567559,
    "avg_recv_rate_msg_per_sec": 7950.796735930736,
    "throughput_mb_per_sec": 3.881085970980253,
    "ack_latency_ms": {
      "Min": 0.227,
      "Max": 84.628,
      "Mean": 3.587989191772667,
      "StdDev": 3.2638153593767814,
      "Variance": 10.652490700103789,
      "P50": 3.41,
      "P75": 4.672,
      "P90": 5.519,
      "P95": 5.927,
      "P99": 10.189,
      "P995": 23.135,
      "P999": 46.703,
      "P9999": 73.141,
      "MAD": 1.335,
      "Count": 119261,
      "CDFBuckets": [
        0,
        0,
        4,
        6418,
        4655,
        19420,
        61905,
        25631,
        564,
        582,
        82,
        0,
        0,
        0,
        0,
        0,
        0,
        0,
        0,
        0,
        0,
        0,
        0
      ]
    },
    "e2e_latency_ms": {
      "Min": 0.355,
      "Max": 131.78,
      "Mean": 4.435813120305793,
      "StdDev": 6.944121569299716,
      "Variance": 48.220824369213545,
      "P50": 3.695,
      "P75": 5.279,
      "P90": 5.982,
      "P95": 6.817,
      "P99": 32.04,
      "P995": 58.352,
      "P999": 103.569,
      "P9999": 129.603,
      "MAD": 1.444,
      "Count": 119296,
      "CDFBuckets": [
        0,
        0,
        0,
        758,
        7607,
        17797,
        60338,
        30448,
        821,
        782,
        598,
        147,
        0,
        0,
        0,
        0,
        0,
        0,
        0,
        0,
        0,
        0,
        0
      ]
    }
  },
  "timeline": [],
  "lag_timeline": [
    {
      "elapsed_s": 2.000000834,
      "total_lag": 23,
      "max_partition_lag": 8,
      "committed_offset_sum": 15754,
      "end_offset_sum": 15777,
      "per_partition_lag": {
        "0": 0,
        "1": 2,
        "10": 0,
        "11": 3,
        "2": 4,
        "3": 1,
        "4": 1,
        "5": 8,
        "6": 1,
        "7": 1,
        "8": 1,
        "9": 1
      }
    },
    {
      "elapsed_s": 4.000001125,
      "total_lag": 7887,
      "max_partition_lag": 699,
      "committed_offset_sum": 23791,
      "end_offset_sum": 31678,
      "per_partition_lag": {
        "0": 644,
        "1": 651,
        "10": 624,
        "11": 665,
        "2": 658,
        "3": 637,
        "4": 641,
        "5": 689,
        "6": 699,
        "7": 683,
        "8": 686,
        "9": 610
      }
    },
    {
      "elapsed_s": 6.000001209,
      "total_lag": 7864,
      "max_partition_lag": 704,
      "committed_offset_sum": 39787,
      "end_offset_sum": 47651,
      "per_partition_lag": {
        "0": 626,
        "1": 650,
        "10": 649,
        "11": 704,
        "2": 650,
        "3": 679,
        "4": 660,
        "5": 661,
        "6": 613,
        "7": 649,
        "8": 668,
        "9": 655
      }
    },
    {
      "elapsed_s": 8.000018792,
      "total_lag": 7857,
      "max_partition_lag": 680,
      "committed_offset_sum": 55649,
      "end_offset_sum": 63506,
      "per_partition_lag": {
        "0": 640,
        "1": 665,
        "10": 626,
        "11": 632,
        "2": 679,
        "3": 680,
        "4": 633,
        "5": 641,
        "6": 670,
        "7": 668,
        "8": 647,
        "9": 676
      }
    },
    {
      "elapsed_s": 10.000012333,
      "total_lag": 7887,
      "max_partition_lag": 691,
      "committed_offset_sum": 71572,
      "end_offset_sum": 79459,
      "per_partition_lag": {
        "0": 672,
        "1": 625,
        "10": 660,
        "11": 672,
        "2": 641,
        "3": 676,
        "4": 665,
        "5": 651,
        "6": 655,
        "7": 649,
        "8": 630,
        "9": 691
      }
    },
    {
      "elapsed_s": 12.000018375,
      "total_lag": 7846,
      "max_partition_lag": 702,
      "committed_offset_sum": 87288,
      "end_offset_sum": 95134,
      "per_partition_lag": {
        "0": 652,
        "1": 636,
        "10": 682,
        "11": 682,
        "2": 676,
        "3": 702,
        "4": 641,
        "5": 619,
        "6": 631,
        "7": 653,
        "8": 614,
        "9": 658
      }
    },
    {
      "elapsed_s": 14.000001125,
      "total_lag": 7872,
      "max_partition_lag": 698,
      "committed_offset_sum": 103230,
      "end_offset_sum": 111102,
      "per_partition_lag": {
        "0": 629,
        "1": 664,
        "10": 624,
        "11": 642,
        "2": 644,
        "3": 634,
        "4": 666,
        "5": 674,
        "6": 669,
        "7": 698,
        "8": 675,
        "9": 653
      }
    },
    {
      "elapsed_s": 16.00000075,
      "total_lag": 7873,
      "max_partition_lag": 693,
      "committed_offset_sum": 119182,
      "end_offset_sum": 127055,
      "per_partition_lag": {
        "0": 672,
        "1": 693,
        "10": 661,
        "11": 640,
        "2": 654,
        "3": 664,
        "4": 662,
        "5": 651,
        "6": 629,
        "7": 667,
        "8": 653,
        "9": 627
      }
    }
  ],
  "lag_summary": {
    "max_total_lag": 7887,
    "final_total_lag": 7873,
    "recovery_drain_rate_msg_per_sec": 1.166666703125001,
    "time_to_drain_s": 11.999999625000001,
    "sample_count": 8
  },
  "sysperf_timeline": [
    {
      "elapsed_s": 2.000000834,
      "goroutines": 278,
      "heap_alloc_mb": 40.392372131347656,
      "heap_inuse_mb": 42.953125,
      "stack_inuse_mb": 1.75,
      "sys_mb": 78.5842514038086,
      "num_gc": 77,
      "gc_pause_total_ms": 5.62446,
      "gc_pause_last_ms": 0.056251,
      "cpu_fraction_pct": 100.0364520347995,
      "gomaxprocs": 8
    },
    {
      "elapsed_s": 4.000001667,
      "goroutines": 468,
      "heap_alloc_mb": 42.76184844970703,
      "heap_inuse_mb": 45.96875,
      "stack_inuse_mb": 2.25,
      "sys_mb": 90.5842514038086,
      "num_gc": 142,
      "gc_pause_total_ms": 10.006419,
      "gc_pause_last_ms": 0.037541,
      "cpu_fraction_pct": 100.23467490225788,
      "gomaxprocs": 8
    },
    {
      "elapsed_s": 6.000001083,
      "goroutines": 468,
      "heap_alloc_mb": 42.647735595703125,
      "heap_inuse_mb": 45.8125,
      "stack_inuse_mb": 2.25,
      "sys_mb": 94.5842514038086,
      "num_gc": 208,
      "gc_pause_total_ms": 14.692994,
      "gc_pause_last_ms": 0.043292,
      "cpu_fraction_pct": 100.13245008867544,
      "gomaxprocs": 8
    },
    {
      "elapsed_s": 8.000019417,
      "goroutines": 468,
      "heap_alloc_mb": 54.200828552246094,
      "heap_inuse_mb": 56.953125,
      "stack_inuse_mb": 2.25,
      "sys_mb": 94.5842514038086,
      "num_gc": 276,
      "gc_pause_total_ms": 19.457745,
      "gc_pause_last_ms": 0.106084,
      "cpu_fraction_pct": 99.33158527735773,
      "gomaxprocs": 8
    },
    {
      "elapsed_s": 10.000012834,
      "goroutines": 468,
      "heap_alloc_mb": 41.022132873535156,
      "heap_inuse_mb": 43.8671875,
      "stack_inuse_mb": 2.28125,
      "sys_mb": 94.5842514038086,
      "num_gc": 343,
      "gc_pause_total_ms": 24.245653,
      "gc_pause_last_ms": 0.054374,
      "cpu_fraction_pct": 100.62437075511632,
      "gomaxprocs": 8
    },
    {
      "elapsed_s": 12.000018917,
      "goroutines": 468,
      "heap_alloc_mb": 55.88465881347656,
      "heap_inuse_mb": 58.3359375,
      "stack_inuse_mb": 2.25,
      "sys_mb": 94.5842514038086,
      "num_gc": 408,