{
  "config": {
    "acks": 1,
    "batch_bytes": 65536,
    "brokers": [
      "localhost:9092"
    ],
    "compression": "snappy",
    "consumer_delay": "0s",
    "consumer_jitter": "0s",
    "consumers": 4,
    "duration_s": 15,
    "group": "bench-group-v4",
    "initial_offset": "oldest",
    "linger_ms": 5,
    "message_size": 16384,
    "partitions": 12,
    "payload_mode": "mixed",
    "phase_delay": "0s",
    "phase_duration": "0s",
    "producers": 8,
    "target_rate": 8000,
    "topic": "bench-topic-v4",
    "warmup_s": 2
  },
  "final": {
    "elapsed_s": 15.009973041,
    "messages_sent": 119739,
    "messages_received": 119838,
    "errors": 0,
    "bytes_sent": 1961803776,
    "bytes_received": 1963425792,
    "avg_rate_msg_per_sec": 7977.296139901841,
    "avg_recv_rate_msg_per_sec": 7983.891754679401,
    "throughput_mb_per_sec": 124.64525218596627,
    "ack_latency_ms": {
      "Min": 0.331,
      "Max": 266.631,
      "Mean": 10.715487518686476,
      "StdDev": 22.182065589518167,
      "Variance": 492.04403381768594,
      "P50": 4.243,
      "P75": 8.061,
      "P90": 20.797,
      "P95": 43.18,
      "P99": 124.389,
      "P995": 152.492,
      "P999": 200.421,
      "P9999": 255.709,
      "MAD": 2.111,
      "Count": 119739,
      "CDFBuckets": [
        0,
        0,
        0,
        549,
        6011,
        13416,
        50771,
        24996,
        11602,
        7036,
        3096,
        2142,
        120,
        0,
        0,
        0,
        0,
        0,
        0,
        0,
        0,
        0,
        0
      ]
    },
    "e2e_latency_ms": {
      "Min": 0.4,
      "Max": 323.766,
      "Mean": 27.605641082127537,
      "StdDev": 46.20940117933818,
      "Variance": 2135.3087573530206,
      "P50": 7.789,
      "P75": 27.08,
      "P90": 80.755,
      "P95": 138.552,
      "P99": 223.108,
      "P995": 244.106,
      "P999": 286.296,
      "P9999": 316.932,
      "MAD": 5.086,
      "Count": 119838,
      "CDFBuckets": [
        0,
        0,
        0,
        9,
        1831,
        6759,
        33808,
        25590,
        16506,
        15831,
        10279,
        7135,
        2090,
        0,
        0,
        0,
        0,
        0,
        0,
        0,
        0,
        0,
        0
      ]
    }
  },
  "timeline": [],
  "lag_timeline": [
    {
      "elapsed_s": 2.000004083,
      "total_lag": 106,
      "max_partition_lag": 12,
      "committed_offset_sum": 15776,
      "end_offset_sum": 15882,
      "per_partition_lag": {
        "0": 7,
        "1": 12,
        "10": 8,
        "11": 4,
        "2": 12,
        "3": 6,
        "4": 12,
        "5": 8,
        "6": 10,
        "7": 11,
        "8": 8,
        "9": 8
      }
    },
    {
      "elapsed_s": 4.000020333,
      "total_lag": 7609,
      "max_partition_lag": 677,
      "committed_offset_sum": 24099,
      "end_offset_sum": 31708,
      "per_partition_lag": {
        "0": 633,
        "1": 675,
        "10": 648,
        "11": 593,
        "2": 601,
        "3": 597,
        "4": 616,
        "5": 629,
        "6": 652,
        "7": 621,
        "8": 677,
        "9": 667
      }
    },
    {
      "elapsed_s": 6.000003166,
      "total_lag": 7606,
      "max_partition_lag": 659,
      "committed_offset_sum": 40142,
      "end_offset_sum": 47748,
      "per_partition_lag": {
        "0": 594,
        "1": 658,
        "10": 595,
        "11": 618,
        "2": 622,
        "3": 658,
        "4": 657,
        "5": 614,
        "6": 659,
        "7": 644,
        "8": 628,
        "9": 659
      }
    },
    {
      "elapsed_s": 8.0000035,
      "total_lag": 7632,
      "max_partition_lag": 690,
      "committed_offset_sum": 56088,
      "end_offset_sum": 63720,
      "per_partition_lag": {
        "0": 655,
        "1": 625,
        "10": 643,
        "11": 613,
        "2": 690,
        "3": 608,
        "4": 635,
        "5": 631,
        "6": 618,
        "7": 634,
        "8": 639,
        "9": 641
      }
    },
    {
      "elapsed_s": 10.000017458,
      "total_lag": 7648,
      "max_partition_lag": 675,
      "committed_offset_sum": 72064,
      "end_offset_sum": 79712,
      "per_partition_lag": {
        "0": 673,
        "1": 630,
        "10": 620,
        "11": 624,
        "2": 596,
        "3": 612,
        "4": 650,
        "5": 667,
        "6": 641,
        "7": 645,
        "8": 675,
        "9": 615
      }
    },
    {
      "elapsed_s": 12.000003208,
      "total_lag": 7606,
      "max_partition_lag": 683,
      "committed_offset_sum": 88106,
      "end_offset_sum": 95712,
      "per_partition_lag": {
        "0": 623,
        "1": 631,
        "10": 657,
        "11": 654,
        "2": 604,
        "3": 619,
        "4": 599,
        "5": 645,
        "6": 648,
        "7": 618,
        "8": 625,
        "9": 683
      }
    },
    {
      "elapsed_s": 14.0000355,
      "total_lag": 217,
      "max_partition_lag": 50,
      "committed_offset_sum": 110832,
      "end_offset_sum": 111028,
      "per_partition_lag": {
        "0": 0,
        "1": 0,
        "10": 50,
        "11": 43,
        "2": 0,
        "3": 0,
        "4": 3,
        "5": 12,
        "6": 14,
        "7": 18,
        "8": 32,
        "9": 45
      }
    },
    {
      "elapsed_s": 16.000020916,
      "total_lag": 8398,
      "max_partition_lag": 752,
      "committed_offset_sum": 119295,
      "end_offset_sum": 127693,
      "per_partition_lag": {
        "0": 683,
        "1": 661,
        "10": 671,
        "11": 693,
        "2": 675,
        "3": 731,
        "4": 752,
        "5": 679,
        "6": 665,
        "7": 750,
        "8": 743,
        "9": 695
      }
    }
  ],
  "lag_summary": {
    "max_total_lag": 8398,
    "final_total_lag": 8398,
    "recovery_drain_rate_msg_per_sec": 0,
    "time_to_drain_s": 0,
    "sample_count": 8
  },
  "sysperf_timeline": [
    {
      "elapsed_s": 2.000015292,
      "goroutines": 281,
      "heap_alloc_mb": 50.78331756591797,
      "heap_inuse_mb": 53.4296875,
      "stack_inuse_mb": 2.375,
      "sys_mb": 219.09601593017578,
      "num_gc": 73,
      "gc_pause_total_ms": 5.26504,
      "gc_pause_last_ms": 0.039708,
      "cpu_fraction_pct": 99.01032626704537,
      "gomaxprocs": 8
    },
    {
      "elapsed_s": 4.000015167,
      "goroutines": 468,
      "heap_alloc_mb": 43.07177734375,
      "heap_inuse_mb": 46.0625,
      "stack_inuse_mb": 2.59375,
      "sys_mb": 219.34601593017578,
      "num_gc": 131,
      "gc_pause_total_ms": 9.599295,
      "gc_pause_last_ms": 0.075292,
      "cpu_fraction_pct": 101.1746917734182,
      "gomaxprocs": 8
    },
    {
      "elapsed_s": 6.000013834,
      "goroutines": 468,
      "heap_alloc_mb": 60.063011169433594,
      "heap_inuse_mb": 62.9296875,
      "stack_inuse_mb": 2.59375,
      "sys_mb": 219.34601593017578,
      "num_gc": 187,
      "gc_pause_total_ms": 13.176758,
      "gc_pause_last_ms": 0.07,
      "cpu_fraction_pct": 98.99360137923533,
      "gomaxprocs": 8
    },
    {
      "elapsed_s": 8.000028584,
      "goroutines": 468,
      "heap_alloc_mb": 49.25157928466797,
      "heap_inuse_mb": 52.1796875,
      "stack_inuse_mb": 2.59375,
      "sys_mb": 219.34601593017578,
      "num_gc": 246,
      "gc_pause_total_ms": 17.424171,
      "gc_pause_last_ms": 0.035625,
      "cpu_fraction_pct": 100.57069789110307,
      "gomaxprocs": 8
    },
    {
      "elapsed_s": 10.000014209,
      "goroutines": 468,
      "heap_alloc_mb": 36.80857849121094,
      "heap_inuse_mb": 39.4375,
      "stack_inuse_mb": 2.59375,
      "sys_mb": 219.34601593017578,
      "num_gc": 304,
      "gc_pause_total_ms": 21.533202,
      "gc_pause_last_ms": 0.078916,
      "cpu_fraction_pct": 100.69671955767186,
      "gomaxprocs": 8
    },
    {
      "elapsed_s": 12.000014209,
      "goroutines": 468,
      "heap_alloc_mb": 35.4942626953125,
      "heap_inuse_mb": 39.515625,
      "stack_inuse_mb": 2.5625,
      "sys_mb": 219.34601593017578,
      "num_gc": 362,