{
  "config": {
    "acks": -1,
    "batch_bytes": 65536,
    "brokers": [
      "localhost:9092"
    ],
    "compression": "snappy",
    "consumer_delay": "0s",
    "consumer_jitter": "0s",
    "consumers": 4,
    "duration_s": 20,
    "group": "bench-group-v4",
    "initial_offset": "oldest",
    "linger_ms": 5,
    "message_size": 512,
    "partitions": 12,
    "payload_mode": "mixed",
    "phase_delay": "0s",
    "phase_duration": "0s",
    "producers": 8,
    "target_rate": 10000,
    "topic": "bench-topic-v4",
    "warmup_s": 3
  },
  "final": {
    "elapsed_s": 20.006509541,
    "messages_sent": 195330,
    "messages_received": 195380,
    "errors": 0,
    "bytes_sent": 100008960,
    "bytes_received": 100034560,
    "avg_rate_msg_per_sec": 9763.322262671747,
    "avg_recv_rate_msg_per_sec": 9765.821449243873,
    "throughput_mb_per_sec": 4.767247198570189,
    "ack_latency_ms": {
      "Min": 0.28,
      "Max": 43.005,
      "Mean": 3.3568672298162086,
      "StdDev": 1.9747961375702954,
      "Variance": 3.899819784962557,
      "P50": 3.208,
      "P75": 4.713,
      "P90": 5.545,
      "P95": 5.797,
      "P99": 8.093,
      "P995": 10.333,
      "P999": 19.765,
      "P9999": 33.419,
      "MAD": 1.474,
      "Count": 195330,
      "CDFBuckets": [
        0,
        0,
        0,
        1450,
        20496,
        29782,
        105279,
        37230,
        907,
        186,
        0,
        0,
        0,
        0,
        0,
        0,
        0,
        0,
        0,
        0,
        0,
        0,
        0
      ]
    },
    "e2e_latency_ms": {
      "Min": 0.425,
      "Max": 144.975,
      "Mean": 4.1240531630668436,
      "StdDev": 5.60725007455542,
      "Variance": 31.441253398601763,
      "P50": 3.738,
      "P75": 5.15,
      "P90": 6.01,
      "P95": 6.552,
      "P99": 11.692,
      "P995": 28.712,
      "P999": 98.93,
      "P9999": 143.102,
      "MAD": 1.43,
      "Count": 195380,
      "CDFBuckets": [
        0,
        0,
        0,
        18,
        11209,
        29798,
        100765,
        51057,
        1270,
        603,
        479,
        181,
        0,
        0,
        0,
        0,
        0,
        0,
        0,
        0,
        0,
        0,
        0
      ]
    }
  },
  "timeline": [],
  "lag_timeline": [
    {
      "elapsed_s": 2.000022959,
      "total_lag": 8245,
      "max_partition_lag": 751,
      "committed_offset_sum": 9761,
      "end_offset_sum": 18006,
      "per_partition_lag": {
        "0": 685,
        "1": 663,
        "10": 685,
        "11": 669,
        "2": 694,
        "3": 659,
        "4": 649,
        "5": 746,
        "6": 670,
        "7": 751,
        "8": 686,
        "9": 688
      }
    },
    {
      "elapsed_s": 4.000005084,
      "total_lag": 9400,
      "max_partition_lag": 815,
      "committed_offset_sum": 27651,
      "end_offset_sum": 37051,
      "per_partition_lag": {
        "0": 811,
        "1": 814,
        "10": 764,
        "11": 774,
        "2": 799,
        "3": 807,
        "4": 815,
        "5": 806,
        "6": 745,
        "7": 783,
        "8": 755,
        "9": 727
      }
    },
    {
      "elapsed_s": 6.000016959,
      "total_lag": 9531,
      "max_partition_lag": 842,
      "committed_offset_sum": 46717,
      "end_offset_sum": 56248,
      "per_partition_lag": {
        "0": 792,
        "1": 821,
        "10": 803,
        "11": 815,
        "2": 793,
        "3": 803,
        "4": 779,
        "5": 803,
        "6": 798,
        "7": 694,
        "8": 842,
        "9": 788
      }
    },
    {
      "elapsed_s": 8.000016167,
      "total_lag": 9617,
      "max_partition_lag": 851,
      "committed_offset_sum": 66231,
      "end_offset_sum": 75848,
      "per_partition_lag": {
        "0": 805,
        "1": 748,
        "10": 851,
        "11": 819,
        "2": 805,
        "3": 800,
        "4": 818,
        "5": 784,
        "6": 782,
        "7": 800,
        "8": 790,
        "9": 815
      }
    },
    {
      "elapsed_s": 10.000019626,
      "total_lag": 9503,
      "max_partition_lag": 822,
      "committed_offset_sum": 85960,
      "end_offset_sum": 95463,
      "per_partition_lag": {
        "0": 784,
        "1": 821,
        "10": 760,
        "11": 772,
        "2": 776,
        "3": 774,
        "4": 799,
        "5": 797,
        "6": 822,
        "7": 815,
        "8": 817,
        "9": 766
      }
    },
    {
      "elapsed_s": 12.000019042,
      "total_lag": 9530,
      "max_partition_lag": 832,
      "committed_offset_sum": 105648,
      "end_offset_sum": 115178,
      "per_partition_lag": {
        "0": 784,
        "1": 796,
        "10": 778,
        "11": 773,
        "2": 779,
        "3": 797,
        "4": 783,
        "5": 832,
        "6": 811,
        "7": 778,
        "8": 798,
        "9": 821
      }
    },
    {
      "elapsed_s": 14.000003167,
      "total_lag": 9703,
      "max_partition_lag": 869,
      "committed_offset_sum": 125151,
      "end_offset_sum": 134854,
      "per_partition_lag": {
        "0": 751,
        "1": 818,
        "10": 869,
        "11": 778,
        "2": 806,
        "3": 838,
        "4": 801,
        "5": 823,
        "6": 794,
        "7": 831,
        "8": 798,
        "9": 796
      }
    },
    {
      "elapsed_s": 16.000003542,
      "total_lag": 9697,
      "max_partition_lag": 872,
      "committed_offset_sum": 145143,
      "end_offset_sum": 154840,
      "per_partition_lag": {
        "0": 809,
        "1": 791,
        "10": 799,
        "11": 790,
        "2": 783,
        "3": 872,
        "4": 819,
        "5": 826,
        "6": 779,
        "7": 786,
        "8": 822,
        "9": 821
      }
    },
    {
      "elapsed_s": 18.000016125,
      "total_lag": 9416,
      "max_partition_lag": 824,
      "committed_offset_sum": 164878,
      "end_offset_sum": 174294,
      "per_partition_lag": {
        "0": 802,
        "1": 745,
        "10": 765,
        "11": 805,
        "2": 767,
        "3": 777,
        "4": 821,
        "5": 824,
        "6": 773,
        "7": 771,
        "8": 785,
        "9": 781
      }
    },
    {
      "elapsed_s": 20.000024751,
      "total_lag": 9419,
      "max_partition_lag": 827,
      "committed_offset_sum": 184325,
      "end_offset_sum": 193744,
      "per_partition_lag": {
        "0": 787,
        "1": 806,
        "10": 782,
        "11": 782,
        "2": 783,
        "3": 717,
        "4": 754,
        "5": 799,
        "6": 827,
        "7": 813,
        "8": 804,
        "9": 765
      }
    },
    {
      "elapsed_s": 22.000018292,
      "total_lag": 9468,
      "max_partition_lag": 829,
      "committed_offset_sum": 203674,
      "end_offset_sum": 213142,
      "per_partition_lag": {
        "0": 811,
        "1": 796,
        "10": 764,
        "11": 801,
        "2": 763,
        "3": 811,
        "4": 801,
        "5": 752,
        "6": 773,
        "7": 817,
        "8": 829,
        "9": 750
      }
    }
  ],
  "lag_summary": {
    "max_total_lag": 9703,
    "final_total_lag": 9468,
    "recovery_drain_rate_msg_per_sec": 29.37494446299562,
    "time_to_drain_s": 8.000015125000001,
    "sample_count": 11
  },
  "sysperf_timeline": [
    {
      "elapsed_s": 2.000015834,
      "goroutines": 291,
      "heap_alloc_mb": 44.215126037597656,
      "heap_inuse_mb": 48.171875,
      "stack_inuse_mb": 2.25,
      "sys_mb": 71.0061264038086,
      "num_gc": 9,
      "gc_pause_total_ms": 0.664919,
      "gc_pause_last_ms": 0.096542,
      "cpu_fraction_pct": 84.39856931652672,
      "gomaxprocs": 8
    },
    {
      "elapsed_s": 4.000018667,
      "goroutines": 468,
      "heap_alloc_mb": 58.39884948730469,
      "heap_inuse_mb": 63.0625,
      "stack_inuse_mb": 3.0625,
      "sys_mb": 79.0217514038086,
      "num_gc": 14,
      "gc_pause_total_ms": 1.007085,
      "gc_pause_last_ms": 0.061333,
      "cpu_fraction_pct": 93.66867146832688,
      "gomaxprocs": 8
    },
    {
      "elapsed_s": 6.000031458,